Date,Open,High,Low,Close,Turnover,Volume
2014/1/2,5743.64,5865.64,5717.11,5858.92,235,6120.33
2014/1/3,5851.38,5862.02,5777.25,5810.86,187,4753.12
2014/1/6,5796.3,5796.3,5653.26,5663.18,163,3926.09
2014/1/7,5619.79,5732.04,5612.71,5709.09,135,3458.19
2014/1/8,5730.28,5779.91,5713.49,5754.17,154,3726.52
2014/1/9,5744.54,5802.06,5708.02,5711.71,196,4817.6
2014/1/10,5698.63,5736.41,5596.18,5604.16,154,3627.27
2014/1/13,5603.81,5639.41,5524.27,5548.84,140,3294.79
2014/1/14,5549.21,5596.75,5501.87,5595.4,131,3107.74
2014/1/15,5591.91,5661.36,5590.68,5659.66,155,3653.55
2014/1/16,5667.19,5669.9,5606.48,5610.91,119,2978.09
2014/1/17,5609.22,5617.64,5511.91,5514.89,118,2903.29
2014/1/20,5496.66,5528.95,5383.74,5435.54,132,3610.83
2014/1/21,5430.72,5486.59,5430,5457.27,107,2643.84
2014/1/22,5473.09,5572.94,5463.81,5572.31,170,3993.05
2014/1/23,5570.46,5578.18,5527.7,5545.44,154,3745.71
2014/1/24,5538.33,5581.39,5529.17,5576.09,193,4737.66
2014/1/27,5550.72,5550.72,5457.79,5460.21,165,4287.44
2014/1/28,5477.87,5518.92,5464.56,5505.94,182,4491.47
2014/1/29,5523.84,5528.13,5497.01,5523.94,140,3485.35
2014/1/30,5514.31,5525.07,5484.91,5495.56,127,2880.29
2014/2/7,5459.09,5460.41,5409.76,5451.3,158,3725.8
2014/2/10,5482.89,5657.44,5482.89,5654.88,297,7176.99
2014/2/11,5670.89,5742.82,5658.56,5685.82,297,7088.96
2014/2/12,5705.71,5714.75,5658.4,5709.93,229,5410.87
2014/2/13,5697.65,5714.91,5586.33,5589.94,240,5904.01
2014/2/14,5594.67,5682.68,5594.35,5682.58,197,4637.43
2014/2/17,5703.97,5722.61,5675.56,5722.56,233,5757.27
2014/2/18,5728.55,5753.46,5702.89,5729.96,331,7586.7
2014/2/19,5723.16,5807.07,5698.88,5776.43,271,6801.21
2014/2/20,5786.94,5792.34,5717.29,5721.36,243,5814.02
2014/2/21,5721.5,5759.75,5667.91,5698.76,187,4563.37
2014/2/24,5657.09,5713.05,5586.63,5708.81,282,6622.29
2014/2/25,5715.54,5762.09,5535.55,5559.37,341,7822.37
2014/2/26,5533.12,5580.46,5451.16,5579.99,228,5320.25
2014/2/27,5589.01,5614.68,5371.2,5390.22,276,6489.49
2014/2/28,5359.43,5429.36,5290.94,5422.12,214,5290.19
2014/3/3,5416.71,5473.57,5396.47,5458.38,201,4721.42
2014/3/4,5446.97,5447.8,5355.3,5418.48,195,4612.94
2014/3/5,5426.11,5441.35,5330.93,5350.13,155,3754.72
2014/3/6,5342.19,5355.22,5241.26,5304.09,212,5286.19
2014/3/7,5289.07,5412.45,5280.88,5375.62,199,5233.81
2014/3/10,5344.53,5344.53,5249.3,5263.79,189,4491
2014/3/11,5254.34,5338.35,5254.34,5337.55,148,3754.08
2014/3/12,5339.29,5391.87,5282.54,5327.42,187,4601.95
2014/3/13,5326.59,5420.32,5324.99,5406.11,182,4347.71
2014/3/14,5374.99,5395.26,5318.36,5356.82,171,3677.69
2014/3/17,5384.67,5420.23,5353.48,5420.18,194,4300.39
2014/3/18,5424.38,5456.1,5409.9,5422.53,259,5585.58
2014/3/19,5403.32,5405.2,5326.67,5352.53,218,4946.36
2014/3/20,5342.85,5365.44,5203.18,5206.51,201,4562.67
2014/3/21,5180.8,5298.39,5147.49,5295.75,181,4051.43
2014/3/24,5286.19,5295.72,5242.15,5257.26,157,3449.61
2014/3/25,5253.82,5281.03,5230.08,5252.56,141,3027.29
2014/3/26,5297.65,5373.67,5297.65,5316.73,157,3573.95
2014/3/27,5315.66,5317.48,5233.85,5233.85,196,4690.59
2014/3/28,5240.38,5265.87,5144.61,5164.03,178,3890.77
2014/3/31,5169.09,5202.95,5099.34,5133.18,118,2857.42
2014/4/1,5133.69,5172.92,5130.34,5167.24,133,3112.76
2014/4/2,5171.93,5175.07,5103.13,5118.23,153,3592.77
2014/4/3,5127.99,5156.17,5106.43,5119.05,140,3174.8
2014/4/4,5113,5155.88,5093.66,5155.06,127,3117.38
2014/4/8,5131.46,5272.2,5123.23,5272.2,207,4726.05
2014/4/9,5265,5302.05,5249.26,5299.69,184,4156.37
2014/4/10,5300.53,5302.59,5265.88,5288.89,202,4431.28
2014/4/11,5291.5,5385.8,5289.98,5355.29,219,5357.19
2014/4/14,5356.91,5371.19,5328.17,5360.74,157,3803.33
2014/4/15,5338.9,5344.79,5298.8,5304.35,180,4040.78
2014/4/16,5298.83,5320.09,5272.28,5300.77,141,3087.9
2014/4/17,5311.61,5325.5,5262.75,5264.54,139,2885.23
2014/4/18,5243.88,5263.61,5213.83,5252.92,111,2456.47
2014/4/21,5221.49,5294.93,5199.48,5200.63,124,2822.98
2014/4/22,5179.01,5210.6,5107.47,5156.63,141,3317.11
2014/4/23,5154.1,5184.94,5133.97,5154.26,130,2697.65
2014/4/24,5139.9,5150.68,5096.32,5108,111,2430.93
2014/4/25,5113.68,5123.42,5027.75,5029.67,150,3143.5
2014/4/28,5023.06,5040.03,4912.2,4921.37,178,3626.32
2014/4/29,4918.05,4972.24,4918.05,4969.65,132,2506.88
2014/4/30,4984.42,5044.57,4978.29,5039.35,122,2657.28
2014/5/5,5026.61,5075.96,5004.07,5065.59,123,2271.72
2014/5/6,5042.96,5109.07,5038.37,5081.89,167,3383.34
2014/5/7,5066.5,5070.73,5013.35,5013.35,122,2340.1
2014/5/8,5007.17,5075.82,5004.31,5020.53,128,2469.02
2014/5/9,5029.18,5050.78,4999.78,5021.49,126,2610.54
2014/5/12,5055.95,5100.77,5038.26,5097.32,162,3443.07
2014/5/13,5099.66,5101.12,5063.71,5083.3,113,2298.99
2014/5/14,5083.12,5103.86,5071.65,5090.12,91,1873.26
2014/5/15,5087.4,5087.83,4998.43,5006.54,108,2151.78
2014/5/16,5008.75,5011.9,4942.21,4971.02,101,1950.37
2014/5/19,4952.99,4952.99,4853.77,4883.82,129,2561.32
2014/5/20,4894.75,4926.34,4873.32,4882.21,107,1813.05
2014/5/21,4861.13,4922.13,4840.27,4922.13,92,1661.71
2014/5/22,4918.35,4976.9,4914.56,4920.82,115,2208.23
2014/5/23,4923.38,4962.42,4919.57,4955.93,86,1689.35
2014/5/26,4992.56,5040.37,4985.99,5035.99,157,3264.38
2014/5/27,5033.95,5045.23,5010.09,5014.58,112,2317.17
2014/5/28,5008.71,5048.21,4992.34,5042.75,117,2377.84
2014/5/29,5055.19,5098.73,5017.9,5019.95,143,3005.91
2014/5/30,5022.03,5041.57,4998.1,5026.41,121,2568.62
2014/6/3,5028.03,5057.71,5026.59,5029.63,103,2206.45
2014/6/4,5024.27,5024.27,4933.85,4949.52,117,2419.06
2014/6/5,4954.42,5010.46,4940.54,5002.86,99,2260.78
2014/6/6,5003.83,5009.54,4964.65,4984.43,97,2119.93
2014/6/9,4984.29,5033.67,4977.35,4991.73,119,2587.01
2014/6/10,4992.75,5044.54,4979.58,5043.6,132,2686.32
2014/6/11,5034.76,5084.88,5027.64,5078.92,147,3013.08
2014/6/12,5071.58,5079.17,5044.03,5059.94,123,2512.14
2014/6/13,5046.68,5090.17,5041.14,5072.59,140,2905.7
2014/6/16,5071.43,5078.64,5055.02,5063.3,69,1407.09
2014/6/17,5062.73,5073.51,5037.29,5039.71,134,3085.62
2014/6/18,5057.59,5078.09,5026.36,5029.7,123,2942.84
2014/6/19,5034.43,5042.21,4926.8,4950.96,128,2875.08
2014/6/20,4942.13,4966.81,4927.42,4962.57,91,2033.21
2014/6/23,4968.34,4987.94,4943.9,4949.99,106,2479.25
2014/6/24,4956.3,5010.75,4956.3,5009.66,119,2620.28
2014/6/25,5004.3,5005.51,4974.38,5002.25,118,2478.65
2014/6/26,5007.58,5032,5005.93,5029.53,119,2624.86
2014/6/27,5029.67,5073.7,5016.9,5058.54,158,3258.98
2014/6/30,5065.51,5095.23,5063.32,5091.22,141,3216.89
2014/7/1,5096.32,5101.68,5053.42,5075.44,150,2923.64
2014/7/2,5078.96,5081.03,5031.88,5065.53,176,3529.71
2014/7/3,5063.32,5135.12,5048.86,5126.94,216,4534.16
2014/7/4,5122.3,5122.48,5074.2,5080.44,149,2970.89
2014/7/7,5076.85,5088.66,5031.42,5042.2,164,3710.86
2014/7/8,5032.26,5050.65,5012.8,5047.61,145,3476.34
2014/7/9,5048.13,5048.99,4951.24,4956.28,163,3897.99
2014/7/10,4949.83,4987.34,4939.96,4949.34,140,2924.37
2014/7/11,4949.27,4980.67,4932.74,4946.94,141,2920.8
2014/7/14,4947.17,4993.7,4921.19,4992.66,146,3082.05
2014/7/15,4996.79,5063.3,4990.81,5063.22,222,4494.9
2014/7/16,5061.3,5093.98,5021.48,5025.42,200,4024.27
2014/7/17,5022.01,5022.01,4959.05,4975.49,127,2478.04
2014/7/18,4967.21,5036.77,4965.89,5009.77,128,2759.26
2014/7/21,5009.65,5061.47,5004.83,5050.62,138,3553.23
2014/7/22,5035.87,5093.95,5035.14,5080.59,156,3467.41
2014/7/23,5082.29,5084.61,5028.2,5038.42,154,3157.92
2014/7/24,5045.68,5097.56,5036.47,5088.34,187,4054.25
2014/7/25,5102.96,5119.99,5086.66,5119.1,176,3501.22
2014/7/28,5137.98,5203.99,5137.9,5192.32,290,6175.22
2014/7/29,5202.51,5232.32,5175.44,5209.97,253,5333.17
2014/7/30,5197.74,5253.12,5193.3,5248.76,223,4888.91
2014/7/31,5259.71,5279.25,5236.45,5270.24,218,4850.19
2014/8/1,5267.62,5379.34,5265.79,5300.3,382,8641.3
2014/8/4,5327.96,5349.93,5303.41,5337.57,241,5367.32
2014/8/5,5340.95,5343.21,5279.19,5317.73,235,5134.2
2014/8/6,5297.96,5312.95,5261.88,5305.67,200,4390.09
2014/8/7,5308.32,5309.97,5227.04,5230.94,188,4067.47
2014/8/8,5236.88,5261.05,5219.45,5238.27,148,3331.3
2014/8/11,5253.91,5308.59,5253.89,5308.19,200,4440.75
2014/8/12,5300.84,5300.93,5269.91,5291.71,194,4365.62
2014/8/13,5293.17,5312.01,5243.42,5271.96,184,4261.39
2014/8/14,5271.86,5294.05,5232.59,5238.58,227,4430.3
2014/8/15,5244.5,5302.46,5238.02,5293.99,199,4442.67
2014/8/18,5305.06,5341.44,5305.06,5340.96,207,4638.93
2014/8/19,5344.95,5346.77,5303.1,5326.42,213,4694.87
2014/8/20,5321.67,5328.52,5295.44,5308.55,232,4835.57
2014/8/21,5310.88,5314.43,5241.02,5279.98,222,4473.78
2014/8/22,5283.07,5320.54,5267.19,5319.6,268,6024.86
2014/8/25,5321.59,5322.45,5253.81,5258.52,257,6116.97
2014/8/26,5253.24,5256.65,5165.94,5177.51,228,5044.83
2014/8/27,5174.71,5197.84,5167.91,5182.27,158,3587.88
2014/8/28,5183.34,5186.6,5131.9,5154.44,162,3498.55
2014/8/29,5163.23,5190.1,5151.41,5188.9,133,2944.92
2014/9/1,5191.9,5238.05,5186.61,5237.5,200,4039.16
2014/9/2,5247.11,5275.8,5224.36,5275.6,234,4894.52
2014/9/3,5303.55,5333.12,5300.57,5320.39,323,6872.75
2014/9/4,5323.93,5331.22,5293.97,5329.81,294,6440.38
2014/9/5,5338.97,5369.8,5329.76,5368.1,304,6497.41
2014/9/9,5375.56,5400.3,5336.77,5390.18,329,6694.27
2014/9/10,5377.64,5386.61,5353.59,5367.47,278,5449.59
2014/9/11,5368.43,5402.57,5317.38,5323.31,326,6693.78
2014/9/12,5317.52,5355.86,5305.18,5355.37,243,5137.66
2014/9/15,5347.04,5373.9,5330.93,5369.88,328,6888.37
2014/9/16,5382.57,5395,5256.89,5258.77,365,7869.82
2014/9/17,5260.88,5319.45,5249.26,5318.36,278,5962.17
2014/9/18,5320.8,5401.91,5311.41,5395.55,316,6912
2014/9/19,5407.32,5447.12,5395.6,5440.38,270,6235.19
2014/9/22,5434.2,5434.2,5369.34,5382.06,251,5572.24
2014/9/23,5381.9,5441.16,5378.6,5435.45,241,5156.39
2014/9/24,5418.27,5492.36,5404.17,5487.96,298,6374.13
2014/9/25,5515.54,5530.63,5457.98,5476.93,311,6787.69
2014/9/26,5480.56,5510.16,5466.81,5501.41,209,4686.71
2014/9/29,5535.09,5544.41,5505.24,5543.95,299,6602.93
2014/9/30,5551.53,5581.19,5537.37,5565.87,299,6468.09
2014/10/8,5579.85,5793.22,5571.43,5792.23,483,12790.67
2014/10/9,5793.22,5816,5694.26,5744.9,382,9526.39
2014/10/10,5712.33,5778.3,5693.75,5733.89,357,8457.05
2014/10/13,5720.72,5789.36,5693.38,5788.03,321,8190.34
2014/10/14,5775.71,5795.7,5703.84,5728.64,303,7570.94
2014/10/15,5718.77,5888.04,5713.28,5866.03,564,13113.19
2014/10/16,5843.66,6011.31,5797.99,5799.23,637,14777.64
2014/10/17,5791.77,5818.63,5674.3,5786.37,396,8825.24
2014/10/20,5803.91,5898.17,5803.91,5847.48,319,7810.47
2014/10/21,5838.05,5838.05,5752.09,5763.49,307,7197.88
2014/10/22,5760.91,5772.27,5659.44,5660.09,274,6265.07
2014/10/23,5650.1,5680.34,5557.73,5589.56,250,5615.26
2014/10/24,5587.35,5600.19,5553.41,5578.07,188,4511.5
2014/10/27,5554.06,5633.85,5539.61,5633.45,216,5041.15
2014/10/28,5634.94,5732.06,5634.61,5730,268,6286.4
2014/10/29,5752.33,5764.83,5697.21,5753.17,358,8408.69
2014/10/30,5753.06,5825.58,5743.9,5773.31,395,9519.79
2014/10/31,5788.9,5799.71,5710.56,5764.47,302,7150.05
2014/11/3,5771.39,5780.25,5733.17,5768.75,343,7678.49
2014/11/4,5759.31,5759.31,5671.65,5691.55,300,6881.52
2014/11/5,5691.9,5704.41,5656.42,5688.75,282,6192.38
2014/11/10,5673.79,5726.06,5673.79,5726.06,311,7166.56
2014/11/11,5742.8,5759.85,5616.75,5656.76,430,9817.19
2014/11/12,5655.33,5725.84,5644.06,5725.4,249,5637.59
2014/11/13,5726.92,5726.92,5645.45,5671.75,285,6206.7
2014/11/14,5660.19,5760.41,5650.8,5751.45,300,7358.49
2014/11/17,5823.33,5831.86,5754,5764.06,372,8244.84
2014/11/18,5760.32,5771.37,5711.96,5727.52,246,5813.73
2014/11/19,5739,5790,5722.73,5777.63,295,6851.31
2014/11/20,5752.58,5755.76,5716.15,5723.62,209,4872.17
2014/11/21,5728.77,5775.85,5725.5,5773.71,269,6217.43
2014/11/24,5812.66,5827.47,5770.15,5806.7,413,10208.1
2014/11/25,5811.54,5874.15,5804.01,5874.04,365,8931.56
2014/11/26,5884.44,5890.58,5835.57,5876.18,388,9794.1
2014/11/27,5900.12,5910.51,5866.05,5908.07,396,10159.96
2014/11/28,5895.09,5897.09,5819.75,5869.22,418,10508.41
2014/12/1,5879.39,5958.88,5844.87,5958.18,451,11712.4
2014/12/2,5945.1,6042.18,5932.91,6023.47,432,11472.42
2014/12/3,6024.24,6083.87,5966.45,6033.65,575,14505.21
2014/12/4,6023.88,6165.25,6023.88,6165.25,681,16358.37
2014/12/5,6171.92,6203.23,5948.06,6090.15,727,18131.94
2014/12/8,6056.77,6148.92,5991.57,6148.42,602,15609.92
2014/12/9,6119.15,6240.87,5974.62,5996.87,760,20071.85
2014/12/10,6008.25,6207.09,6006.64,6205.1,581,14319.81
2014/12/11,6185.51,6237.77,6132.68,6158.34,475,11519.78
2014/12/12,6163.82,6207.6,6130.74,6173.06,384,9513.67
2014/12/15,6153.72,6278.74,6147.08,6262.96,438,11269.91
2014/12/16,6256.39,6264.77,6185.34,6235.93,385,10705.9
2014/12/17,6237.51,6237.51,6074.77,6121.28,424,11259.49
2014/12/18,6100.24,6120.33,6060.21,6067.09,329,8541.29
2014/12/19,6062.62,6064.94,5920.62,5994.52,326,8725.5
2014/12/22,5982.67,5982.67,5827.23,5854.14,353,8823.34
2014/12/23,5843.25,5926.69,5830.25,5844.2,265,6804.5
2014/12/24,5867.17,5893.72,5814.51,5857.26,256,6610.65
2014/12/25,5872.33,5896.98,5829.1,5885.69,253,6176.93
2014/12/26,5892.25,5962.64,5882.03,5955.25,309,7713.49
2014/12/29,5970.83,5979.84,5867.3,5901.42,326,8447.42
2014/12/30,5905.42,5998.21,5904.13,5948.52,303,8246.86
2014/12/31,5945.06,6045.77,5928.78,6032.92,286,8632.06
2015/1/5,6037.44,6175.21,6001.57,6143.6,356,10408.6
2015/1/6,6121.36,6424.58,6096.02,6354.05,533,15844.06
2015/1/7,6339.19,6347.44,6254.85,6287.42,305,8966.28
2015/1/8,6287.94,6399.67,6257.59,6265.21,295,8799.73
2015/1/9,6255.66,6333.68,6192.04,6194.98,303,9022.61
2015/1/12,6197.23,6275.49,6126.87,6247.67,260,7501.27
2015/1/13,6270.88,6363.21,6268.8,6310.15,236,6838.91
2015/1/14,6325.69,6337.93,6263.58,6286.08,348,9350.07
2015/1/15,6288.46,6311.65,6232.81,6297.24,248,6950.74
2015/1/16,6302.99,6353.47,6272.72,6352.27,275,7834.69
2015/1/19,6192.59,6362.22,6082.89,6153.79,463,12861.73
2015/1/20,6162.58,6278.4,6162.58,6274.74,368,10486.74
2015/1/21,6295.97,6401.37,6283.39,6400.54,394,11306.17
2015/1/22,6406.41,6475.15,6404.76,6460.34,338,9747.33
2015/1/23,6462.12,6479.71,6375.19,6396.83,303,8858.57
2015/1/26,6406.85,6543.07,6406.57,6532.83,306,9034.82
2015/1/27,6545.87,6586.8,6448.79,6529.78,331,9436.42
2015/1/28,6515.5,6555.49,6459.38,6471.73,274,7779.42
2015/1/29,6425.87,6436.39,6349.32,6361.27,223,6535.83
2015/1/30,6381.56,6408.5,6295.99,6329.05,190,5522.51
2015/2/2,6263.9,6359.31,6260.14,6310.82,204,5857.97
2015/2/3,6355.85,6380.22,6315.3,6368.12,195,5684.41
2015/2/4,6379.64,6381.92,6273.52,6275.69,200,5763.88
2015/2/5,6324.44,6327.04,6184.31,6185,243,6724.67
2015/2/6,6183.54,6217.23,6086.17,6108,209,5813.99
2015/2/9,6115.79,6168.18,6110.44,6131.98,159,4475.13
2015/2/10,6133.33,6181.64,6126.97,6179.45,176,5004.43
2015/2/11,6181.74,6239.74,6174.43,6238.55,162,4611.59
2015/2/12,6236.72,6264.79,6217.24,6255.71,149,4372.92
2015/2/13,6279.71,6375.14,6279.31,6320.86,238,6751.57
2015/2/16,6327.38,6392.32,6325.21,6378.61,201,5722.16
2015/2/17,6408.6,6434.5,6395.96,6418.07,246,5779.38
2015/2/25,6428.54,6459.87,6361.95,6419.08,271,7060.23
2015/2/26,6417.02,6471.76,6401.12,6471.07,214,5758.79
2015/2/27,6467.85,6485.52,6437.82,6458.64,229,6097.83
2015/3/2,6482.33,6493.19,6431.27,6492.41,348,9077.02
2015/3/3,6469.92,6540.95,6439.71,6445.54,416,11261.39
2015/3/4,6474.29,6640.12,6465.23,6640.12,475,12749.67
2015/3/5,6623.9,6705.92,6599.52,6634.54,426,11271.2
2015/3/6,6642.92,6642.92,6501.36,6510.65,366,8649.22
2015/3/9,6482.15,6567.6,6430.85,6565.44,324,8523.7
2015/3/10,6553.5,6637.99,6548.92,6637.66,322,8687.29
2015/3/11,6636.37,6659.38,6571.5,6596.19,262,7071.19
2015/3/12,6606.5,6645.7,6582.87,6607.91,282,8231.64
2015/3/13,6610.89,6657.76,6610.54,6656.94,303,8582.5
2015/3/16,6690.65,6826.12,6662.11,6821.06,452,12493.1
2015/3/17,6855.6,6875.43,6794.34,6836.66,450,12748.77
2015/3/18,6857.17,6947.22,6830.6,6946.38,487,13570.79
2015/3/19,6943.24,6943.24,6858.41,6906.84,469,13066.29
2015/3/20,6908.2,6990.4,6901.33,6989.83,502,14486.88
2015/3/23,7017.27,7085.39,7017.27,7073.07,507,14484.34
2015/3/24,7075.88,7199.44,6934.17,7194.62,649,19038.67
2015/3/25,7147.17,7267.73,7136.26,7250.97,608,17910.46
2015/3/26,7211.56,7243.96,7131.51,7174.98,419,12264.47
2015/3/27,7181.75,7241.25,7171.68,7218.79,383,10609.33
2015/3/30,7238.19,7354.17,7238.19,7321.58,469,13618.78
2015/3/31,7350.54,7379.44,7246.94,7282.84,483,14800.8
2015/4/1,7291.59,7462.93,7284.45,7430.94,456,13949.95
2015/4/2,7465.68,7542.68,7381.33,7464.35,483,15031.85
2015/4/3,7443.98,7537.17,7421.8,7533.7,470,14316.92
2015/4/7,7577.7,7746.54,7577.04,7745.18,603,18593.41
2015/4/8,7751.58,7772.55,7564.23,7653.67,592,18619.96
2015/4/9,7658.54,7677.3,7425.15,7626.48,565,17471.96
2015/4/10,7610.47,7865.4,7588.33,7846.12,507,16764.33
2015/4/13,7892.41,8146.61,7892.41,8106.77,626,21657.67
2015/4/14,8136.71,8270.6,8036.12,8134.79,572,20019.06
2015/4/15,8124.12,8136.37,7867.47,7881.77,464,16176.51
2015/4/16,7836.35,8101.2,7792.49,8023.09,397,14380.06
2015/4/17,8111.78,8157.14,7988.62,8029.07,513,18547.93
2015/4/20,8042.22,8043.03,7749.98,7761.37,677,21838.14
2015/4/21,7778.15,8092.36,7777.37,8091.58,492,16902.09
2015/4/22,8146.66,8279.13,8146.66,8278.69,562,18896.13
2015/4/23,8310.66,8315.48,8178.95,8235.93,539,18070.64
2015/4/24,8117.31,8261.91,8094.4,8235.67,598,19111.07
2015/4/27,8346.51,8452.94,8253.38,8361.4,614,20308.37
2015/4/28,8360.08,8397.07,8073.09,8128,634,20933.01
2015/4/29,8105.46,8284.62,8105.46,8276.75,430,14625.96
2015/4/30,8310.76,8377.8,8250.86,8251.66,447,15477.67
2015/5/4,8266.77,8281.09,8171.76,8242.75,344,12265.29
2015/5/5,8239.55,8289.95,8041.89,8105.52,480,16322.94
2015/5/6,8168.84,8298.57,8051.38,8083.65,451,15669.9
2015/5/7,8066.92,8119.07,7921.3,7936.47,359,11787
2015/5/8,8011.4,8153.61,7963.77,8152.83,384,13874.69
2015/5/11,8200.77,8415.38,8125.75,8406.4,501,18290.01
2015/5/12,8411.88,8468.79,8320.19,8466.24,480,17392.08
2015/5/13,8441.84,8543.68,8387.54,8498.22,508,17764.63
2015/5/14,8489.17,8545.24,8400.35,8420.86,394,13967.38
2015/5/15,8403.83,8405.4,8217.09,8274.88,395,14032.82
2015/5/18,8233.63,8475.53,8207.37,8428.32,484,15752.28
2015/5/19,8439.56,8635.96,8390.6,8620.5,523,17769.72
2015/5/20,8639.6,8827.77,8639.6,8666.02,606,21279.24
2015/5/21,8692.59,9010.15,8690.47,9006.21,573,21089.18
2015/5/22,9169.97,9209.53,8909.87,9089.2,691,24544.56
2015/5/25,9046.73,9370.55,9034.4,9369.69,807,29326.58
2015/5/26,9379.3,9568.36,9342.27,9567.18,755,28453.37
2015/5/27,9566.94,9702.61,9341.24,9657.38,711,26808.62
2015/5/28,9632.11,9781.68,9030.98,9030.98,811,30672.79
2015/5/29,9049.91,9415.46,8795.67,9345.44,729,27000.57
2015/6/1,9500.51,9903.1,9496.24,9902.31,744,29701.84
2015/6/2,9914.56,10038.21,9753.38,10033.89,719,28114.32
2015/6/3,10063.53,10076.88,9756.52,9918.2,601,24350.1
2015/6/4,9912.8,9920.08,9199.78,9828.31,624,24135.4
2015/6/5,9890.41,10003.75,9652.88,9859.71,688,27156.95
2015/6/8,9847.73,9847.73,9616.28,9789.68,682,26294.89
2015/6/9,9763.85,9845.13,9543.1,9655.79,573,22426.05
2015/6/10,9627.69,9921.38,9564.12,9837.86,598,23435.79
2015/6/11,9834.07,9992.79,9739.8,9991.78,680,25902.66
2015/6/12,10030.25,10129.14,9992.07,10071.78,708,26639.46
2015/6/15,10116.79,10139.14,9858.18,9897.42,507,22903.89
2015/6/16,9810.28,9871.66,9536.14,9666,439,19141.6
2015/6/17,9665.9,9797.52,9374.12,9747.66,347,14557.17
2015/6/18,9709.4,9791.46,9400.84,9408.14,336,14060.3
2015/6/19,9289.63,9412.58,8875.66,8905.13,361,14475.37
2015/6/23,8900.8,9258.54,8560.23,9249.84,400,15805.41
2015/6/24,9241.54,9360.27,9104.36,9358.63,377,15307.74
2015/6/25,9344.8,9344.8,8810.08,8882.72,324,12725.52
2015/6/26,8703.36,8723.86,8032.99,8109.31,478,17905.41
2015/6/30,7718.7,8454,7509.93,8444.18,575,20437.08
2015/7/1,8353.54,8730.31,8122.33,8191.55,489,18202.8
2015/7/2,8273.15,8335.37,7638.75,7829.51,474,16652.95
2015/7/3,7793.98,8114.34,7239.15,7607.33,542,18164.55
2015/7/6,8290.82,8290.82,7224.55,7770.12,597,20843.87
2015/7/7,7533.06,7620.89,7115.72,7249.8,620,20578.86
2015/7/8,6791.07,6916.51,6768.29,6815.31,445,14844.21
2015/7/9,6816.36,7265.49,6660.02,7265.49,388,12936.67
2015/7/10,7547.73,7813.32,7495.32,7799.92,377,15119.42
2015/7/13,7998.82,8358.8,7923.4,8304.18,624,23054.16
2015/7/14,8270.18,8555.16,8162.27,8231.64,581,20431.4
2015/7/15,8086.4,8143.5,7622.51,7703.06,444,15000.91
2015/7/16,7691.01,8092.26,7472.4,7921.14,400,12969.5
2015/7/17,7970.31,8364.09,7970.31,8296.72,375,13143.64
2015/7/20,8305.8,8428.06,8144.57,8249.5,375,13247.38
2015/7/21,8121.62,8326.85,8078.26,8326.09,320,11449.25
2015/7/22,8291.51,8383.61,8156.1,8287.52,343,11353.1
2015/7/23,8282.7,8536.49,8256.71,8510.86,436,14473.17
2015/7/24,8523.22,8555.52,8314.11,8358.27,466,15728.77
2015/7/27,8153.84,8300.26,7629.61,7632.55,481,15340.16
2015/7/28,7465.5,7899.63,7353.27,7816.57,550,17001.07
2015/7/29,7896.32,8120.17,7693.52,8119.25,569,17252.62
2015/7/30,8053.16,8124.69,7774.74,7786.45,413,12733.39
2015/7/31,7715.58,7973.5,7715.28,7949.3,358,11065.17
2015/8/3,7851.02,8078.44,7817.72,8077.48,424,13687.36
2015/8/4,8080.25,8357.89,8019.01,8356.86,368,12102.9
2015/8/5,8317.14,8369.42,8138.88,8179.1,283,9220.35
2015/8/6,8051.24,8199.26,8023.05,8064.21,184,5890.84
2015/8/7,8103.56,8239.11,8084.29,8185.29,230,7495.88
2015/8/10,8236.55,8540.11,8213.11,8519.35,382,12974.36
2015/8/11,8495.96,8534.2,8375.36,8419.43,338,11351.11
2015/8/12,8316.96,8428.11,8229.53,8230.5,297,9886.73
2015/8/13,8212.18,8290.63,8075.09,8290.37,287,9029.66
2015/8/14,8343.76,8383.22,8272.21,8306.76,284,9428.96
2015/8/17,8324.55,8460.79,8260.34,8460.03,306,10146.5
2015/8/18,8537.01,8570.02,7971.8,8064.68,629,21233.28
2015/8/19,7888.29,8309.8,7783.93,8300.46,443,14503.52
2015/8/20,8179.55,8209.39,7976,7976.25,307,10121.3
2015/8/21,7870.79,7933.95,7550.56,7586.54,316,9852.69
2015/8/24,7223.6,7297.57,6844.66,6860.37,400,11698.68
2015/8/25,6416.76,6709.47,6313.01,6358.61,491,12487.4
2015/8/26,6476.97,6786.21,6274.98,6458.52,470,11417.09
2015/8/27,6599.64,6803.71,6515.12,6802.9,373,9221.82
2015/8/28,6856.45,7156.64,6822.51,7112.17,405,10280.82
2015/8/31,6975.97,7057.23,6789.64,7053.67,384,9456.44
2015/9/1,6938.77,6938.77,6612.18,6927.47,426,10893.66
2015/9/2,6613.89,7012.84,6607.83,6971.54,402,10690.63
2015/9/7,6967.24,7215.68,6815.4,6859.79,252,7069.91
2015/9/8,6814.54,7166.61,6788.15,7155.1,199,5538.64
2015/9/9,7174.24,7365.19,7135.76,7247.63,303,8655.96
2015/9/10,7168.07,7299.73,7143.53,7206.5,238,6462.44
2015/9/11,7210.16,7275.2,7041.45,7123.82,201,5708.12
2015/9/14,7153.94,7171.54,6751.6,6933.34,284,7630.9
2015/9/15,6804.61,6886.97,6636.7,6646.38,186,4736.83
2015/9/16,6692.26,7180.08,6660.87,7099.19,241,5551.17
2015/9/17,7015.18,7105.81,6884.21,6888.2,319,5949.87
2015/9/18,6909.95,6951.2,6824.22,6892.69,184,3392.22
2015/9/21,6837.65,7049.91,6806.35,7030.7,253,4493.11
2015/9/22,7031.36,7121.66,7013.49,7078.56,274,5114.68
2015/9/23,6993.97,7017.06,6915.54,6947.59,199,3567.53
2015/9/24,6971.56,7018.58,6934.59,7017.09,166,3551.88
2015/9/25,6994.38,7022.74,6806.62,6844.26,194,3819.13
2015/9/28,6843.79,6906.83,6791.57,6897.95,88,2543.54
2015/9/29,6804.16,6828.28,6709.39,6739.89,280,4535.64
2015/9/30,6786.46,6821.52,6732.12,6775.33,109,3138.53
2015/10/8,7076.53,7168.88,7038.63,7107.19,246,6843.49
2015/10/9,7103.66,7179.68,7095.74,7158.53,265,7010.02
2015/10/12,7168.26,7464.36,7146.78,7333.89,400,11598.12
2015/10/13,7284.66,7354.91,7257.23,7320.05,220,6420.26
2015/10/14,7290,7323.93,7221.02,7226.79,195,5545.76
2015/10/15,7214.77,7361.06,7203.98,7361.06,216,6122.23
2015/10/16,7395.29,7427.13,7267.33,7380.77,238,6927.34
2015/10/19,7408.35,7477.05,7350.36,7419.73,269,8084.56
2015/10/20,7417.8,7500.77,7388.47,7497.49,223,6645.8
2015/10/21,7541.44,7654.82,7223.19,7265.19,346,10150.94
2015/10/22,7304.23,7541.11,7304.23,7538.88,266,7891.21
2015/10/23,7661.43,7828.39,7661.43,7785.83,399,11779.31
2015/10/26,7892.62,7897.04,7716.81,7808.29,763,12521.32
2015/10/27,7756.14,7828.4,7541.59,7784.99,474,8651.45
2015/10/28,7740.09,7847.87,7576.18,7603.04,365,7554.38
2015/10/29,7656.98,7713.97,7573.41,7706.74,248,5534.87
2015/10/30,7688.11,7731.86,7563.35,7648.19,280,5961.72
2015/11/2,7543.67,7700.47,7502.73,7526.03,238,5584.94
2015/11/3,7542.05,7576.36,7436.64,7464.81,251,4949.92
2015/11/4,7483.25,7807.12,7483.25,7805.47,446,9478.05
2015/11/5,7791.9,7913.27,7740.77,7800.99,579,13421.53
2015/11/6,7790.19,7901.27,7784.39,7892.33,443,10963.63
2015/11/9,7891.67,7999.28,7865.07,7952.56,500,12273.64
2015/11/10,7927.25,8017.06,7862.77,7873.14,482,10781.68
2015/11/11,7911.65,7977.46,7826.34,7976.33,373,8992.99
2015/11/12,7994.68,8066.51,7935.98,8016.47,370,9176.34
2015/11/13,7927.11,7953.24,7809.29,7840.34,391,7893.17
2015/11/16,7740.8,7946.38,7715.96,7946.38,386,7075.84
2015/11/17,7976.84,8060.22,7914.82,7941.3,434,10113.1
2015/11/18,7941.79,7946.6,7818.59,7827.78,277,6432.45
2015/11/19,7847.62,7942.38,7840.77,7941.95,234,5476.95
2015/11/20,7954.87,7960.94,7890.7,7938.11,440,7426.67
2015/11/23,7937.13,8028.56,7922.36,7957.63,403,8556.67
2015/11/24,7960.07,7977.98,7853.92,7954.17,322,7197.11
2015/11/25,7934.91,8051.39,7899,8047.79,452,8686.54
2015/11/26,8070.4,8081.63,7952.2,7974.32,376,7616.78
2015/11/27,7939.79,7947.98,7579.79,7646.01,496,9550.43
2015/11/30,7656.31,7706.65,7443.62,7671.48,387,7567.52
2015/12/1,7667.59,7834.44,7627.34,7809.49,386,6794.21
2015/12/2,7793.15,7949.46,7768.79,7936.78,395,8409.35
2015/12/3,7929.13,7980.52,7912.57,7979.13,320,6929.75
2015/12/4,7951.26,7996.46,7893.6,7932.79,373,6753.85
2015/12/7,7946.92,8132.29,7943.1,8101.27,345,8503.17
2015/12/8,8057.3,8093.42,7960.95,7986.61,362,7901.66
2015/12/9,7966.68,7986.4,7932.68,7959.84,349,6496.46
2015/12/10,7957.33,8058.13,7939.83,7996.94,356,7184.33
2015/12/11,7972.47,8005.29,7927.83,7946.46,332,6317.9
2015/12/14,7840.32,8013.92,7826.27,8013.53,361,7954.54
2015/12/15,8000.47,8029.29,7974.46,8001.87,285,6438.02
2015/12/16,7998.58,8020.5,7947.08,7963.93,269,5870.73
2015/12/17,7989.22,8114.2,7989.22,8113.18,429,9579.38
2015/12/18,8092.37,8163.78,8072.25,8127.97,340,8404.04
2015/12/21,8132.16,8499.75,8123.48,8469.72,444,13487.61
2015/12/22,8492.72,8508.57,8373.22,8436.32,349,10119.56
2015/12/23,8457.96,8576.75,8392.47,8413.85,412,11763.12
2015/12/24,8379.91,8410.18,8178.16,8264.91,295,7757.7
2015/12/25,8268.42,8300.49,8216.41,8270.51,194,5570.73
2015/12/28,8286.57,8303.92,8122.78,8153.51,364,8880.98
2015/12/29,8133.04,8215.52,8103.7,8215.52,241,6591.63
2015/12/30,8227.85,8251.92,8161.5,8215.85,252,6377.86
2015/12/31,8211.19,8278.84,8198.5,8211.93,234,7494.24
2016/1/4,8181.05,8182.86,7591.9,7602.47,241,6217.21
2016/1/5,7407.72,7695.51,7368.11,7562.81,325,8243.03
2016/1/6,7579.79,7669.42,7522.5,7661.21,207,5335.61
2016/1/7,7550.43,7550.43,7058.09,7088.62,61,1467.87
2016/1/8,7280.08,7381.02,6985.34,7273.79,288,6909.34
2016/1/11,7180.77,7287.71,6909.46,6909.96,249,5811.17
2016/1/12,6961.7,7067.71,6875.83,7007.46,212,5137.49
2016/1/13,7043.51,7092.76,6824.02,6824.8,170,4046.83
2016/1/14,6670.13,7009.92,6642.23,6995.92,219,4985.78
2016/1/15,6965.59,6996.88,6764.07,6805.26,217,4582.97
2016/1/18,6715.59,6924.56,6711.56,6869.56,176,4037.9
2016/1/19,6867.17,7097.69,6859.94,7088.07,216,5193.64
2016/1/20,7057.52,7102.22,6927.48,6961.2,194,4641.23
2016/1/21,6870.9,7054.58,6762.91,6762.91,187,4554.39
2016/1/22,6834.53,6870.88,6667.94,6791.94,155,3614.27
2016/1/25,6834.41,6929.08,6817.6,6895.16,97,3135.42
2016/1/26,6855.08,6908.34,6577.83,6591.34,315,5451.05
2016/1/27,6598.95,6641.65,6374.55,6597.09,322,5415.33
2016/1/28,6535.98,6619.05,6464.6,6470.91,216,4045.5
2016/1/29,6476.52,6690.85,6465.93,6657.77,199,4059.28
2016/2/1,6634.78,6697.83,6553.91,6605.89,153,3331.64
2016/2/2,6618.29,6765.52,6617.68,6738.99,140,3142.88
2016/2/3,6680.47,6751.3,6647.56,6739.62,141,2938.52
2016/2/4,6748.82,6822.61,6748.82,6816.33,155,3159.13
2016/2/5,6820.09,6847.94,6783.83,6807.32,125,2805.24
2016/2/15,6685.03,6845.69,6669.59,6813.86,118,2688.3
2016/2/16,6835.64,6998.57,6835.64,6988.96,210,4392.26
2016/2/17,6979.29,7010.4,6883.76,6977.31,197,4501.97
2016/2/18,6997.83,7011.53,6930.72,6936.1,184,4538.59
2016/2/19,6933.19,6987.32,6917.49,6965.52,132,3239.22
2016/2/22,7051.21,7082.61,7005.36,7057.08,196,4516.4
2016/2/23,7056.23,7056.23,6938.97,7001.88,151,3577.06
2016/2/24,7022.34,7077.04,6942.17,7030.35,165,3703.78
2016/2/25,7026.64,7026.64,6586.11,6629.54,260,5911.05
2016/2/26,6665.42,6741.13,6618.81,6708.48,166,3709.68
2016/2/29,6686.41,6690.93,6384.23,6495.13,195,4284.81
2016/3/1,6491.61,6602.48,6428.85,6567.96,150,3201.69
2016/3/2,6576.66,6802.27,6575.7,6795.78,223,4920.9
2016/3/3,6772.28,6840.52,6755.49,6812.84,236,4774.51
2016/3/4,6781.58,6825.79,6702.01,6785.21,266,5992.29
2016/3/7,6813.72,6898.07,6790.51,6832.51,153,3571.21
2016/3/8,6820.5,6859.91,6656.36,6857.72,156,3514.87
2016/3/9,6761.25,6814.01,6702.14,6806.86,127,2954.31
2016/3/10,6785.66,6814.24,6687.48,6688.1,99,2449.61
2016/3/11,6654.13,6703.76,6612.31,6681.81,87,2012.65
2016/3/14,6733.7,6898.32,6733.56,6826.01,176,3783.25
2016/3/15,6803.27,6860.52,6751.55,6847.97,130,2852.69
2016/3/16,6863.52,6903.64,6855.05,6870.62,157,3797.26
2016/3/17,6877.24,6994.92,6854.18,6972.18,178,4078.38
2016/3/18,6984.43,7102.05,6973.01,7041.82,313,6564.71
2016/3/21,7093.48,7164.18,7084.68,7137.61,328,7646.95
2016/3/22,7096.88,7141.74,7066.19,7077.66,215,5044.07
2016/3/23,7062.68,7104.27,7019.7,7071.76,156,3471.09
2016/3/24,7037.48,7051.76,6986.62,6993.22,187,4164.93
2016/3/25,6991.2,7054.14,6989.87,7051.7,144,3389.65
2016/3/28,7079.45,7173.12,7046.65,7062.83,186,4899.41
2016/3/29,7054.71,7061.99,6924.68,6949.22,175,4201.85
2016/3/30,6988.42,7141.2,6988.42,7140.03,201,5386.59
2016/3/31,7154.58,7169.36,7101.47,7114.33,178,4452.7
2016/4/1,7112.72,7120.01,6989.01,7093.28,150,3417.53
2016/4/5,7077.02,7212.61,7076.15,7200.6,214,4767.28
2016/4/6,7183.36,7215.14,7165.33,7203.77,258,4293.18
2016/4/7,7225.82,7236.45,7129.4,7131.16,201,4197.86
2016/4/8,7102.01,7114.43,7016.71,7067.38,160,3615.26
2016/4/11,7092.85,7186.74,7092.85,7157.89,211,5288.31
2016/4/12,7153.03,7173.26,7098.74,7129.77,147,3451.03
2016/4/13,7152.39,7248.71,7152.39,7173.78,242,5697.15
2016/4/14,7195.42,7220.21,7158.85,7215.23,158,3558.3
2016/4/15,7211.2,7216.8,7179.31,7203.76,135,3056.63
2016/4/18,7190.27,7190.27,7104.83,7132.79,144,3469.95
2016/4/19,7155.65,7177.57,7105.45,7137.27,122,2940.35
2016/4/20,7127.15,7142.6,6836.46,6975.38,288,7352.21
2016/4/21,6937.99,6975.39,6893.11,6895.21,116,2824.4
2016/4/22,6875.87,6929.24,6863.64,6928.02,98,2344.08
2016/4/25,6930.98,6930.98,6836.84,6909.04,139,3733.25
2016/4/26,6898.48,6993.03,6898.48,6992.24,122,3224.26
2016/4/27,6996.04,7028.63,6979.49,6988.25,105,2824
2016/4/28,6996.52,7008.13,6912.67,6982.59,112,2960.3
2016/4/29,6968.57,7011.25,6950.07,6985.16,100,2845.15
2016/5/3,6974.44,7164.65,6948.47,7158.03,183,5093.88
2016/5/4,7140.33,7206.9,7135.56,7156.08,139,3612.38
2016/5/5,7145.35,7158.38,7096.82,7145.84,97,2515.63
2016/5/6,7143.1,7158.1,6973.01,6973.01,150,3722.43
2016/5/9,6938.48,6938.48,6852.86,6888.02,145,3409.58
2016/5/10,6863.14,6897.2,6843.56,6861.59,85,2254.88
2016/5/11,6879.29,7121.9,6879.16,7025.64,197,5522.98
2016/5/12,6952.95,7010.37,6900.74,6996.85,135,3536.28
2016/5/13,6973.07,7049.78,6939.03,6976.52,112,3083.3
2016/5/16,6948.6,7048.95,6922.83,7047.71,116,3188.55
2016/5/17,7051.55,7076.22,6991.21,7032.4,103,2764.11
2016/5/18,6993.65,7000.91,6890.83,6961.17,133,3107.18
2016/5/19,6939.8,7002.38,6917.58,6926.18,92,2407.74
2016/5/20,6890.58,6955.55,6874.79,6953.12,93,2351.86
2016/5/23,6958.92,6978.55,6937.62,6963.46,103,2865.5
2016/5/24,6954.36,6954.64,6893.24,6927.53,84,2325.22
2016/5/25,6941.75,6971.85,6869.24,6870.4,88,2394.66
2016/5/26,6869.54,6902.04,6788.26,6891.15,92,2337.1
2016/5/27,6873.66,6895.84,6830.18,6867.66,75,2046.81
2016/5/30,6845.72,6872.48,6787.33,6826.08,76,2091.34
2016/5/31,6832.2,7024.38,6832.2,7024.38,188,4785.01
2016/6/1,7018.49,7051.91,6997.09,7009.9,129,3486.88
2016/6/2,7000.52,7021.78,6983.68,7015.47,109,2863.55
2016/6/3,7029.59,7141.04,7015.31,7110.49,176,4841.92
2016/6/6,7124.55,7132.32,7084.71,7108.03,116,3121.42
2016/6/7,7130.18,7147.32,7091.73,7117.62,130,3835.35
2016/6/8,7105.69,7112.42,7061.19,7088.81,114,3169.06
2016/6/13,7020.3,7044.05,6882.36,6883.32,133,3258.24
2016/6/14,6863.5,6909.38,6847.32,6907.7,96,2298.5
2016/6/15,6853.18,7012,6841.39,6995.99,152,3523.14
2016/6/16,6979.86,7003,6931.99,6938.44,116,2658.34
2016/6/17,6943.83,7039.76,6943.58,7014.29,113,2895.9
2016/6/20,7010.64,7041.9,6961.31,7029.88,105,2730.11
2016/6/21,7055.48,7117.36,6983.37,6995.51,123,3103.23
2016/6/22,6992.34,7087.7,6982.03,7086.41,98,2587.08
2016/6/23,7082.16,7090.56,7041.13,7063.23,101,2443.98
2016/6/24,7049.54,7112.52,6904.1,7001.2,143,3215.15
2016/6/27,6971.17,7115.33,6971.17,7114.93,125,2867.77
2016/6/28,7098.16,7257.81,7089.82,7252.78,256,5873.97
2016/6/29,7270.82,7281.71,7219.85,7233,176,4310.91
2016/6/30,7248.42,7312.61,7236.47,7247.18,140,3579.29
2016/7/1,7249.21,7282.72,7204.56,7212.92,114,2718.92
2016/7/4,7196.47,7310.8,7187.18,7299.71,163,3690.07
2016/7/5,7315.13,7317.28,7270.35,7290.84,154,3537.81
2016/7/6,7281.19,7408.81,7246.62,7406.31,211,5176.77
2016/7/7,7409.92,7564.47,7399.79,7468.84,275,7148.4
2016/7/8,7451.46,7463.6,7386.58,7423.9,150,3824.58
2016/7/11,7444.71,7594.36,7435.8,7530.86,220,5858.97
2016/7/12,7524.02,7736.98,7523.42,7734.08,348,8063.77
2016/7/13,7742.42,7788.76,7679.04,7699.62,243,5762.83
2016/7/14,7687.64,7703.57,7645.72,7692.92,161,3917.89
2016/7/15,7698.62,7763.84,7671.27,7743.52,142,3935.24
2016/7/18,7736.97,7753.61,7681.89,7711.24,172,4446.8
2016/7/19,7703.82,7714.92,7629.34,7659.15,122,3192.9
2016/7/20,7659.62,7713.76,7650.46,7665.05,102,2623.97
2016/7/21,7667.29,7736.57,7664.29,7693.94,136,3524.26
2016/7/22,7701.2,7701.2,7609.65,7617.78,154,4095.54
2016/7/25,7609.28,7696.56,7606.75,7682.37,130,3274.32
2016/7/26,7676.97,7760.45,7669.9,7757.46,143,3382.12
2016/7/27,7768.76,7815.16,7544.35,7675.68,295,7069.54
2016/7/28,7653.66,7787.46,7626.91,7774.66,221,5748.9
2016/7/29,7770.52,7864.35,7763.86,7799.67,207,5560.08
2016/8/1,7790.52,7790.52,7631.09,7668.6,178,4670.18
2016/8/2,7666.97,7728.39,7654.3,7726.86,142,3292.48
2016/8/3,7704.61,7765.36,7685.62,7731.46,129,3331.21
2016/8/4,7728.57,7754.3,7673.01,7701.98,112,2917.54
2016/8/5,7702.14,7757.78,7696.06,7718.63,158,4015.08
2016/8/8,7710.28,7792.12,7676.55,7792.04,148,3755.39
2016/8/9,7804.51,7855.89,7790.88,7844.64,172,4340.9
2016/8/10,7838.1,7883.82,7829.99,7841.73,182,4623.39
2016/8/11,7825.18,7882.49,7794.3,7794.3,158,4321.1
2016/8/12,7786.19,7861.68,7774.17,7857.02,153,4027.04
2016/8/15,7868.77,7977.69,7839.4,7959.43,256,6639.26
2016/8/16,7962.54,7984.46,7898.94,7924.62,271,7414.31
2016/8/17,7918.21,7972.2,7917.82,7943.88,192,4939.12
2016/8/18,7931.27,7946.61,7854.28,7881.48,240,5356.68
2016/8/19,7875.91,7896.93,7842.23,7876.27,148,3135.85
2016/8/22,7884.62,7925.95,7874.36,7877.02,154,3968.83
2016/8/23,7874.9,7976.12,7870.94,7929.33,180,5370.54
2016/8/24,7941.98,7956.85,7903.37,7923.5,155,4116.68
2016/8/25,7885.98,7886.66,7815.45,7869.36,180,4498.27
2016/8/26,7877.88,7957.37,7875.44,7891.8,161,3938.69
2016/8/29,7893.56,7980.53,7893.56,7953.42,148,4218.87
2016/8/30,7958.47,7994.69,7901.33,7916.84,139,3859.13
2016/8/31,7914.24,7934.59,7876.52,7934.59,119,3229.24
2016/9/1,7930.16,7958.27,7912.4,7912.89,116,2959.43
2016/9/2,7894.82,7935.58,7892.95,7929.67,146,4432.95
2016/9/5,7945.05,7957.1,7900.91,7923.91,105,2990.92
2016/9/6,7924.78,7964.56,7870.45,7954.61,135,3684.62
2016/9/7,7958.54,7968.1,7908,7920.05,131,3184.8
2016/9/8,7921.7,7952.1,7911.1,7949.17,126,2955.91
2016/9/9,7953.95,7972.4,7896,7896.12,112,2793.63
2016/9/12,7805.33,7820.55,7743.63,7790.88,188,4863.23
2016/9/13,7798.32,7815.56,7744.4,7778.22,94,2530.26
2016/9/14,7757.96,7767.9,7715.51,7737.19,89,2340.33
2016/9/19,7736.82,7805.09,7736.82,7801.02,92,2306.52
2016/9/20,7808.1,7839.92,7801.85,7826.66,78,2164.87
2016/9/21,7835.32,7867.78,7822.66,7852.38,80,2236.06
2016/9/22,7890.35,7901.14,7866.28,7878.44,91,2537.93
2016/9/23,7883.68,7914.42,7874.39,7910.14,82,2275.78
2016/9/26,7897.55,7901.61,7776.2,7777.42,103,2519.67
2016/9/27,7772.27,7807.49,7742.82,7807.01,77,1899.53
2016/9/28,7833.19,7834.37,7774.02,7802.97,68,1754.42
2016/9/29,7801.86,7863.9,7801.86,7850.7,87,2380.19
2016/9/30,7848.69,7904.63,7842.34,7882.27,83,2066.96
2016/10/10,7923.54,8037.77,7923.54,8024.29,152,4026.46
2016/10/11,8029.9,8059.04,8011.97,8051.77,114,3026.8
2016/10/12,8040.26,8055.89,8016.36,8045.31,98,2485.6
2016/10/13,8038.67,8057.78,8015.36,8038.8,148,2722.51
2016/10/14,8032.02,8057.81,8009.79,8046.66,114,2395.05
2016/10/17,8050.02,8103.2,8007.82,8029.16,145,3012.52
2016/10/18,8008.92,8083.03,8008.92,8082.71,117,2613.04
2016/10/19,8085.88,8112.03,8055.2,8067.87,120,2814.42
2016/10/20,8076.72,8082.95,7980.45,7990.7,126,3175.44
2016/10/21,7988.85,8009.98,7942.77,7972.9,112,2637.21
2016/10/24,7972.91,8033.25,7958.14,8022.12,144,3510.51
2016/10/25,8019.93,8031.27,8005.24,8028.92,161,3236.02
2016/10/26,8043.99,8083.96,8042.94,8062.66,150,3532.06
2016/10/27,8058.36,8061.26,8004.98,8034.28,111,2617.04
2016/10/28,8021.25,8051.41,7993.81,7996.68,138,2862.7
2016/10/31,7980.18,7990.48,7945.16,7979.01,137,3469.8
2016/11/1,7987.76,8058.93,7976.9,8048.8,178,3839.83
2016/11/2,8033.34,8060.97,8006.84,8020.01,180,3651.72
2016/11/3,8001.31,8077.25,7987.48,8070.97,401,4674.48
2016/11/4,8062.4,8101.79,8027.51,8047.84,466,4826.02
2016/11/7,8046.6,8049.15,7985.75,7999.54,229,3267.74
2016/11/8,8013.91,8076.34,8012.95,8069.52,280,3709.94
2016/11/9,8066.19,8071.32,7959.8,8027.48,273,3659.59
2016/11/10,8067.38,8088.49,8046.74,8067.57,212,3324.75
2016/11/11,8068.27,8073.32,8016.62,8045.27,214,3578.92
2016/11/14,8037.14,8056.82,7982.91,8005.24,253,4295.5
2016/11/15,8005.35,8016.96,7986.45,8014.15,169,2836.53
2016/11/16,8020.43,8046.23,8018.36,8026.29,143,2725.46
2016/11/17,8024.83,8051.71,8006.85,8048.92,163,3623.89
2016/11/18,8037.08,8044.12,7988.83,7996.81,157,3492.59
2016/11/21,8002.33,8034.17,7985.23,7999.77,175,3705.03
2016/11/22,8025.24,8070.56,8022.42,8070.18,206,4864.36
2016/11/23,8073.88,8092.83,8038.52,8049.76,204,5116.53
2016/11/24,8038.13,8166.2,8037.4,8155.87,228,6227.97
2016/11/25,8177.64,8199.24,8128.27,8183.29,266,7201.65
2016/11/28,8206.11,8221.94,8179.04,8188.24,246,7036.12
2016/11/29,8167.75,8268.31,8158.74,8203.38,259,7541.02
2016/11/30,8195.82,8223.74,8166.42,8222.12,210,6127.29
2016/12/1,8223.92,8241.61,8175.61,8198.5,219,5716.56
2016/12/2,8195.26,8216.42,8130.6,8151.23,217,5984.28
2016/12/5,8063.98,8095.07,8036.69,8059.41,209,5536.6
2016/12/6,8044.52,8085.34,8041.66,8070.14,150,4089.38
2016/12/7,8073.04,8097.79,8059.82,8097.2,135,3275.37
2016/12/8,8118.98,8121.3,8043.81,8051.91,150,3684.95
2016/12/9,8056.86,8080.51,8038.64,8051.63,162,4312.75
2016/12/12,8046.22,8046.26,7869.2,7912.87,251,5960.37
2016/12/13,7891.9,7925.99,7839.19,7912.03,143,3485.17
2016/12/14,7905.69,7917.18,7837.5,7848.42,123,2956.06
2016/12/15,7832.03,7861.64,7784.99,7795.58,120,2954.71
2016/12/16,7798.61,7852.83,7793.44,7849.69,107,2712.12
2016/12/19,7848.84,7873.76,7831.19,7862.77,101,2468.95
2016/12/20,7861.94,7862.23,7775.14,7818.64,124,3063.09
2016/12/21,7810.7,7865.56,7810.7,7860.69,121,2711.89
2016/12/22,7855.83,7865.78,7812.14,7844.6,102,2617.23
2016/12/23,7844.24,7849.13,7779.88,7797.73,112,2820.4
2016/12/26,7813.84,7868.5,7773.01,7855.82,137,4017.51
2016/12/27,7850.75,7886.65,7844.88,7854.7,98,2627.4
2016/12/28,7853.61,7872.74,7826.9,7837.67,83,2016.81
2016/12/29,7834.23,7836.12,7801.51,7823.82,106,2659.22
2016/12/30,7911.51,7982.48,7901.36,7971.78,141,3895.13
2017/1/3,7990.75,7992.31,7930.91,7989.12,163,5311.93
2017/1/4,7987.5,8022.91,7969.09,8017.63,134,4105.5
2017/1/5,8010.71,8011.72,7957.81,7966.76,116,3494.25
2017/1/6,7956.52,7958.46,7891.65,7893.72,125,3648.14
2017/1/9,7892.56,7949.24,7892.56,7921.25,129,3877.38
2017/1/10,7923.96,7932.08,7905.44,7914.32,95,2474.46
2017/1/11,7910.13,7955.38,7852.92,7855.5,123,2778.05
2017/1/12,7852.46,7871.67,7781.63,7785.13,126,2899.42
2017/1/13,7786.43,7794.4,7746.35,7772.61,119,3008.38
2017/1/16,7747.54,7818.21,7704.77,7806.64,246,5396.74
2017/1/17,7788.22,7853.25,7769.88,7846.24,108,2838.69
2017/1/18,7839.39,7896.21,7835.65,7873.27,103,2617.84
2017/1/19,7862.62,7904.94,7862.62,7884.59,80,1993.24
2017/1/20,7889.33,7968.18,7887.83,7952.62,95,2360.05
2017/1/23,7952.56,7989.17,7931.38,7950.89,91,2336.4
2017/1/24,7949.9,7956.96,7919.02,7929.55,96,2239.01
2017/1/25,7934.74,8023.51,7925.67,8020.95,93,2440.96
2017/1/26,8026.77,8070.2,8026.09,8055.85,102,2650.01
2017/2/3,8068.08,8104.11,8059.73,8092.06,80,2347.28
2017/2/6,8085.11,8132.32,8054.02,8070.96,116,3190.63
2017/2/7,8071.5,8071.5,8007.71,8043.39,84,2191.58
2017/2/8,8043.04,8049.28,7991.92,8042.24,99,2444.97
2017/2/9,8046.14,8057.71,7993.69,8023.28,133,3208.02
2017/2/10,8031.2,8038.17,8004.97,8015.48,132,2981.64
2017/2/13,8017.94,8071.56,7992.22,8069.24,155,3662.87
2017/2/14,8068.66,8079.86,8046.49,8068,113,2804.72
2017/2/15,8068.91,8084.06,7991.07,7992.81,153,3269.26
2017/2/16,7993.47,8059.85,7987.77,8057.45,108,2503.1
2017/2/17,8058.4,8078.33,8009.15,8014.37,124,2833.38
2017/2/20,8011.11,8125.21,8011.11,8111.99,153,4185.7
2017/2/21,8127.45,8180.25,8126.1,8154.12,143,3974.41
2017/2/22,8163.11,8177.62,8132.4,8165.79,124,3122.29
2017/2/23,8155.57,8238.93,8130.39,8225.81,195,4871.83
2017/2/24,8228.55,8290.36,8221.08,8247.95,155,4149.45
2017/2/27,8242.86,8249.26,8169.04,8192.6,134,3386.31
2017/2/28,8196.76,8209.75,8142.49,8171.6,96,2336.9
2017/3/1,8168.19,8215.85,8159.01,8164.81,136,3399.93
2017/3/2,8170.05,8183.43,8131.06,8135.2,112,2841.22
2017/3/3,8121.34,8131.39,8103.41,8124.95,109,2799.74
2017/3/6,8119.12,8147.07,8101.54,8142.71,113,3023.58
2017/3/7,8147.86,8191.05,8135.51,8190.41,113,3239.84
2017/3/8,8179.62,8195.68,8162.73,8177.45,99,2827.64
2017/3/9,8179.76,8180.81,8111.68,8118.72,115,2896.57
2017/3/10,8118.18,8193.76,8118.18,8181.54,117,3737.34
2017/3/13,8164.4,8244.1,8149.51,8237.12,157,5006.94
2017/3/14,8238.27,8258.61,8205.95,8258.61,111,3287.5
2017/3/15,8252.18,8323.41,8227.02,8317.34,119,3395.59
2017/3/16,8313.58,8352.78,8294.17,8313.28,125,3568.24
2017/3/17,8319.22,8343.06,8264.65,8284.8,135,3723.64
2017/3/20,8281.97,8398.67,8278.37,8394.53,141,4595.77
2017/3/21,8390.57,8559.25,8380.54,8551.85,208,6495.78
2017/3/22,8512.95,8703.78,8501.84,8699.56,255,7763.44
2017/3/23,8704.78,8771.44,8626.09,8699.54,235,6769.39
2017/3/24,8706.32,8726.78,8674.09,8686.71,171,5063.42
2017/3/27,8698.66,8713.17,8590.13,8618.03,158,5007.15
2017/3/28,8609.72,8638.09,8582.28,8636.82,122,3690.16
2017/3/29,8635.53,8650.67,8567.35,8615.02,151,4305.73
2017/3/30,8595.6,8606.8,8466.61,8561.04,173,4579.67
2017/3/31,8533.9,8671.51,8533.9,8668.71,139,4045.57
2017/4/5,8657.58,8767.67,8646.19,8682.74,196,5936.24
2017/4/6,8676.29,8709.83,8650.65,8707.54,133,3913.6
2017/4/7,8697.33,8704.68,8672.53,8700.71,119,3432.86
2017/4/10,8706.82,8710.76,8586.23,8594.72,130,3889.65
2017/4/11,8575.33,8581.64,8418.37,8519.11,163,5058.81
2017/4/12,8507.88,8544.45,8464.66,8532.82,128,3539
2017/4/13,8527.59,8647.47,8500.52,8644.47,117,3186.19
2017/4/14,8646.24,8647.18,8584.59,8617.32,156,3000.1
2017/4/17,8593.73,8638.76,8563.7,8635.1,124,3047.45
2017/4/18,8626.82,8766.87,8626.82,8723.1,143,4581.15
2017/4/19,8700.72,8747,8634.98,8733.19,158,4323.2
2017/4/20,8742.62,8972.92,8736.37,8972.17,245,7596.94
2017/4/21,8959.22,8991.87,8856.33,8943.49,164,5057.58
2017/4/24,8873.97,8882.9,8665.27,8881.48,178,4945.67
2017/4/25,8835.02,8882.4,8833.4,8843.21,109,3301.02
2017/4/26,8833.34,8941.35,8798.73,8827.74,142,4562.15
2017/4/27,8825.62,8840.7,8758.41,8839.75,150,4859.57
2017/4/28,8822.94,8847.45,8663.73,8728.71,153,5521.96
2017/5/2,8684.01,8686.48,8610.03,8683.12,117,3820.58
2017/5/3,8654.1,8707.04,8645.8,8683.94,111,3319.19
2017/5/4,8680.92,8704.67,8631.8,8682.6,114,3308.6
2017/5/5,8671.51,8700.95,8649.09,8686.06,128,3739.24
2017/5/8,8668.39,8688.45,8605.53,8658.64,119,3474.41
2017/5/9,8634.89,8634.89,8498.71,8580.74,117,3470.12
2017/5/10,8585.77,8679.13,8575.34,8632.94,125,3728.54
2017/5/11,8627.11,8696.63,8592.66,8689.53,141,3833.79
2017/5/12,8682.18,8770.76,8664.22,8770.41,103,2939.65
2017/5/15,8776.81,8887.83,8770.32,8883.92,106,3434.1
2017/5/16,8865.87,9011.87,8854.69,9009.3,138,4264.95
2017/5/17,8998.34,9029.93,8883.19,8896.23,124,3855.13
2017/5/18,8860.76,8952.81,8835.79,8949.79,84,2628.28
2017/5/19,8937.07,8994.15,8934.92,8994.15,83,2582.08
2017/5/22,9000.75,9080.24,8975.74,9060.13,135,3778.32
2017/5/23,9049.48,9137.03,9013.18,9126.18,168,5011.71
2017/5/24,9102.84,9102.84,8972.99,9076.09,131,3915.4
2017/5/25,9043.73,9106.92,9031.19,9036.83,124,3560.87
2017/5/26,9040.33,9044.32,8933.52,8988.66,123,3578.62
2017/5/31,8997.76,9065.63,8965.28,9064.08,149,3995.75
2017/6/1,9049,9154.88,9015.58,9148.15,142,4184.9
2017/6/2,9124.85,9135.95,9007.28,9066.46,126,3843.49
2017/6/5,9045.77,9050.75,8929.65,8944.92,120,3606.07
2017/6/6,8928.06,9004.8,8918.49,9004.57,98,2749.97
2017/6/7,9016.61,9151.5,9015.94,9146.51,167,4930
2017/6/8,9139,9332.16,9136.83,9328.98,181,6178.26
2017/6/9,9334.04,9376.59,9313.24,9332.1,174,5132
2017/6/12,9322.63,9524.8,9314.86,9420.84,164,6430.16
2017/6/13,9410.22,9442.44,9373.49,9437.15,109,4139.34
2017/6/14,9416.94,9425.88,9286.68,9316.06,117,4522.15
2017/6/15,9301.65,9347.69,9193.23,9276.65,127,4577.95
2017/6/16,9257.38,9291.77,9221.33,9269.93,99,3986
2017/6/19,9259.4,9309.04,9244.43,9280.12,95,3683.13
2017/6/20,9285.3,9293.4,9173.65,9182.81,108,4166.62
2017/6/21,9220.98,9355.99,9165.04,9355.1,160,6224.42
2017/6/22,9346.08,9380.47,9226.05,9249.25,227,7891.41
2017/6/23,9227,9387.92,9206.24,9387.84,194,6815.55
2017/6/26,9398.7,9512.84,9393.38,9500.81,219,7896.5
2017/6/27,9492.97,9522.7,9445.75,9494.12,135,4817.85
2017/6/28,9471.75,9471.75,9355.62,9370.58,120,4637.19
2017/6/29,9356.02,9407.23,9343.4,9404.02,125,4493.31
2017/6/30,9380.21,9454.92,9342.13,9446.49,145,4945.36
2017/7/3,9455.9,9466.56,9368.84,9374.78,147,5597.38
2017/7/4,9360.95,9360.95,9253.75,9274.63,160,6056.8
2017/7/5,9242.68,9322.77,9231.67,9317.88,169,5936.16
2017/7/6,9302.53,9303.53,9142.59,9215.86,206,7166.85
2017/7/7,9187.99,9187.99,9097.37,9155.26,137,4602.3
2017/7/10,9135.34,9135.34,9042.29,9124.5,161,5284.7
2017/7/11,9104.26,9164.35,9089.8,9122.77,132,4615.37
2017/7/12,9116.31,9116.31,8981.89,8992.13,133,4560.92
2017/7/13,9034.44,9034.44,8947.42,9024.62,147,4413.82
2017/7/14,8992.62,9026.89,8952.94,9016.32,103,3442.45
2017/7/17,8990.83,8999.7,8759.43,8904.45,164,5395.41
2017/7/18,8861.18,8888.84,8779.71,8849.86,137,4353.04
2017/7/19,8845.31,8957.95,8815.43,8925.96,144,4494.15
2017/7/20,8925.62,8979.67,8917.14,8976.97,121,4102.73
2017/7/21,8969.02,8987.23,8932.38,8943,103,3388.87
2017/7/24,8941.34,8964.99,8906.72,8932.75,121,3915.85
2017/7/25,8933.65,8970.23,8893.78,8898.9,115,4295.32
2017/7/26,8899.65,8901.86,8773.49,8788.79,116,4073.72
2017/7/27,8796.33,8836.6,8719.58,8830.24,121,3783.64
2017/7/28,8817.69,8867.36,8800.05,8847.64,84,2781.82
2017/7/31,8862.6,8896.21,8842.08,8891.79,104,3443.11
2017/8/1,8874.43,8878.76,8838.31,8877.72,96,3063.23
2017/8/2,8873.89,8880.62,8789.21,8791.6,86,2893.61
2017/8/3,8784.46,8793.52,8733.65,8749.77,87,3059.42
2017/8/4,8743.37,8757.36,8712.61,8716.94,83,2685.55
2017/8/7,8709.22,8804.68,8699.63,8803.42,92,3001.99
2017/8/8,8807.68,8846.4,8784.19,8830.88,93,3035.31
2017/8/9,8836.21,9043.29,8819.74,9014.21,130,4886.22
2017/8/10,8999.02,9048.6,8931.29,8994.77,108,3576.86
2017/8/11,8960.12,9036.1,8933.54,8973.92,105,3599.81
2017/8/14,8970.87,9126.38,8970.87,9101.59,104,3808.79
2017/8/15,9100.25,9119.33,9017.15,9046.29,85,3024.4
2017/8/16,9044.18,9046.84,8984.62,9002.9,88,3127.53
2017/8/17,9000.3,9016.64,8984.26,9006.36,71,2487.46
2017/8/18,8993.8,9007.74,8968.85,8994.9,67,2356.68
2017/8/21,9000.94,9075.43,9000.04,9062.92,97,3305.11
2017/8/22,9054.5,9075.35,9035.69,9041.37,76,2564.92
2017/8/23,9039.9,9074.25,9013.77,9024.04,72,2339.99
2017/8/24,9018.25,9042.18,8937.52,8967.42,83,2790.85
2017/8/25,8969.11,9017.66,8957.67,8999.05,79,2740.28
2017/8/28,9000.86,9040.72,8978.15,9010.61,156,5098.12
2017/8/29,9028.12,9031.23,8960.01,8981.88,145,4289.49
2017/8/30,8983.32,9000.5,8972.62,8985.35,118,3610.43
2017/8/31,8976.35,9008.61,8886.11,8948.36,129,4086.61
2017/9/1,8945.07,8993.63,8943.15,8976.52,118,4099.8
2017/9/4,8976.69,9071.5,8954.98,9063.89,117,4072.71
2017/9/5,9051.44,9116.63,9042.26,9109.64,103,3676.66
2017/9/6,9093.13,9093.84,9047.42,9057.55,99,3409.83
2017/9/7,9052.91,9110.54,9034.46,9055.33,112,3766.01
2017/9/8,9059.95,9117.28,9041.78,9079.38,92,3058.3
2017/9/11,9076.63,9082.95,9007.36,9027.29,131,4127.99
2017/9/12,9021.75,9027.71,8961.95,9007.08,140,4423.52
2017/9/13,9000.51,9038.18,8981.3,9028.58,86,3088.2
2017/9/14,9026.39,9057.95,8998.12,9015,103,3385.36
2017/9/15,9002.1,9055.68,8999.91,9054.85,111,3549.13
2017/9/18,9061.68,9132.44,9060.91,9088.73,137,4559.7
2017/9/19,9103.47,9120.32,9014.44,9042.57,111,3632.84
2017/9/20,9045.16,9077.66,9034.31,9057.74,103,3355.62
2017/9/21,9048.48,9068.56,9009.09,9024.12,124,3541.53
2017/9/22,9006.3,9048.46,8998.79,9036.14,106,3226.8
2017/9/25,9039.26,9158.49,9037.5,9149.6,168,6063.11
2017/9/26,9137.05,9152.1,9095.79,9119.37,97,3490.9
2017/9/27,9142.64,9157.58,9103.09,9115.38,91,3234.57
2017/9/28,9119.25,9227.52,9112.29,9226.23,121,4333.68
2017/9/29,9242.28,9315.55,9239.57,9247.12,128,4586.33
2017/10/9,9350.9,9458.18,9324.43,9379.28,183,6419.05
2017/10/10,9390.47,9464.1,9333.66,9432.72,238,8052.03
2017/10/11,9437.33,9603.44,9437.33,9551.51,223,7689.5
2017/10/12,9556.57,9601.68,9539.44,9583.33,129,4549.84
2017/10/13,9582.42,9601.07,9547.6,9563.04,127,4413.64
2017/10/16,9578.51,9623.2,9522.59,9558.73,149,5243.92
2017/10/17,9545.88,9586.13,9505.81,9584.48,101,3769.43
2017/10/18,9589.4,9786.88,9566.27,9786.23,242,8044.14
2017/10/19,9790.68,9965.26,9782.73,9943.64,276,9580.6
2017/10/20,9914.17,9920.03,9824.93,9882.76,151,5188.59
2017/10/23,9886.86,10029.27,9877.85,9991.8,209,7171.62
2017/10/24,9976.92,10069.79,9959.3,10051.61,210,7049.8
2017/10/25,10040.5,10161.54,10006.74,10148.17,182,6703.59
2017/10/26,10089.69,10253.32,9996.94,10033.21,249,9382.2
2017/10/27,10035.39,10081.55,9981.67,10081.55,195,7339.91
2017/10/30,10093.26,10139.53,9909.18,10076.27,258,9502.67
2017/10/31,10018.72,10058.61,9958.26,10038.07,216,8507.63
2017/11/1,10071.7,10142.07,9989.95,10032.66,189,7040.77
2017/11/2,10018.16,10079.91,9953.59,10077.91,167,5972.51
2017/11/3,10069.8,10201.44,10057.98,10175.02,184,6817.4
2017/11/6,10166.32,10565.97,10113.51,10527.75,271,10093.52
2017/11/7,10509.63,10613.75,10336.38,10399.22,271,10795.5
2017/11/8,10377.98,10397.75,10188.81,10237.54,276,10797.53
2017/11/9,10199.68,10281.64,10130.11,10276.63,182,7688.76
2017/11/10,10269.87,10338.97,10197.65,10332.68,215,8570.53
2017/11/13,10324.24,10328.98,10237.59,10258.1,255,9422.68
2017/11/14,10274.03,10305.33,10064.76,10087.88,262,10411.85
2017/11/15,10070.94,10162.29,10037.18,10147.3,223,8446.07
2017/11/16,10123.38,10330,10108.97,10320.05,209,7872.69
2017/11/17,10302.03,10311.91,10160.75,10224.77,260,8915.36
2017/11/20,10154.1,10290.47,9986.68,10287.99,221,8085.31
2017/11/21,10247.6,10404.14,10236.78,10339.81,260,9623.6
2017/11/22,10381.09,10442.77,10180.95,10257.28,230,8873.69
2017/11/23,10215.09,10215.09,9828.8,9837.62,236,8748.25
2017/11/24,9765.62,9874.82,9732.82,9851.69,171,6089.02
2017/11/27,9819.26,9831.3,9679.76,9731.82,129,4600.44
2017/11/28,9722.39,9809.36,9722.27,9808.34,112,4169.65
2017/11/29,9831.99,9849.49,9600.95,9662.14,140,5099.57
2017/11/30,9636.52,9693.7,9561.97,9603.78,114,3875.76
2017/12/1,9623.34,9717.13,9603.45,9675.27,100,3716.5
2017/12/4,9640.92,9789.9,9618.11,9754.41,114,4368.93
2017/12/5,9746.45,9784.81,9723.68,9769.35,154,5098.96
2017/12/6,9754.65,9805.65,9643.69,9734.04,104,3607.1
2017/12/7,9732.24,9748.73,9633.19,9663.8,87,3089.83
2017/12/8,9645.84,9762.97,9645.84,9751.15,112,4024.01
2017/12/11,9773.41,10000.2,9768.62,9999.9,199,8186.03
2017/12/12,10014.33,10025.67,9901.29,9903.2,139,5329.12
2017/12/13,9909.36,9975.63,9884.17,9971.25,124,4688.91
2017/12/14,9979.95,9991.04,9936.75,9957.73,123,4602.69
2017/12/15,9958.72,9973.83,9828.05,9835.68,130,4851.96
2017/12/18,9836.54,9915.16,9774.78,9858.67,125,4347.33
2017/12/19,9867.75,9963.07,9860.04,9960.56,126,4901.39
2017/12/20,9989.02,10023.26,9941.65,10008.82,141,5380.9
2017/12/21,10009.01,10171.02,9964.43,10136.37,187,7127.3
2017/12/22,10150.18,10195.74,10142.29,10149.53,144,5630.64
2017/12/25,10148.59,10220.92,10117.88,10183.44,146,5437.65
2017/12/26,10186.69,10187.12,10059.07,10122.58,153,5775.16
2017/12/27,10125.67,10125.67,9921.14,9925.54,147,5494.99
2017/12/28,9928.57,10033.55,9916.28,10008.43,140,5314.2
2017/12/29,10012.23,10075.77,9992.28,10074.12,140,4827.44
2018/1/2,10089.98,10124.39,10029.8,10077.09,159,5892.95
2018/1/3,10092.73,10162.49,10052.11,10079.36,248,8547.86
2018/1/4,10087.04,10178.73,10069.48,10169.97,177,6814.36
2018/1/5,10211.57,10228.42,10142.04,10166.69,192,7080.73
2018/1/8,10139,10227.87,10120.99,10226.65,232,8126.34
2018/1/9,10235.12,10483.05,10207.5,10474.25,266,10279
2018/1/10,10464.22,10502.05,10367.71,10448.85,203,7874.62
2018/1/11,10407.67,10445.66,10373.22,10406.54,153,5825.15
2018/1/12,10409.99,10487.44,10373.95,10472.77,168,6519.1
2018/1/15,10463.07,10570.91,10388.31,10406.76,228,8536
2018/1/16,10387.3,10655.35,10369.31,10535.77,247,9681.93
2018/1/17,10549.21,10559.9,10405.77,10443.69,226,8195.65
2018/1/18,10456.84,10535.88,10350.5,10379.54,189,6991.77
2018/1/19,10380.84,10431.97,10311.68,10374.23,214,7549.81
2018/1/22,10384.84,10558.25,10377.9,10558.25,191,7714.09
2018/1/23,10570.93,10594.44,10492.33,10562.37,179,7100.05
2018/1/24,10567.76,10635.82,10529.37,10626.25,229,8355.89
2018/1/25,10627.12,10636.12,10482.19,10490.51,190,7342.87
2018/1/26,10483.46,10543.61,10463.19,10520.61,179,6376.86
2018/1/29,10507.54,10548.01,10199.68,10209.8,217,8454
2018/1/30,10179.66,10263.79,10172.38,10207.87,157,5376.1
2018/1/31,10194.22,10273.95,10168.52,10244.77,161,5545.35
2018/2/1,10248.63,10288.42,10021.34,10105.44,201,6708.3
2018/2/2,10096.3,10190.19,10017.25,10121.27,151,5230.31
2018/2/5,10014.19,10041.59,9928.2,9980.6,153,5587.98
2018/2/6,9784.76,9797.83,9537.9,9639.5,241,8604.94
2018/2/7,9783.93,9799.87,9482.86,9510.29,185,6553.41
2018/2/8,9507.23,9683.35,9502.52,9634.02,121,4366.11
2018/2/9,9390.34,9490.53,9237.37,9370.77,219,7250.3
2018/2/12,9393.78,9685.54,9393.27,9670.64,146,5256.33
2018/2/13,9719.84,9845.17,9717.62,9739.04,127,4642.86
2018/2/14,9760.43,9851.05,9735.53,9849.65,97,3475.67
2018/2/22,9900.23,9971.21,9844.32,9969.24,121,4716.73
2018/2/23,9989.49,9998.55,9924.62,9973.48,104,4019.06
2018/2/26,9995.78,10132.65,9935.67,10126.89,149,5744.4
2018/2/27,10139.55,10155.8,10016.18,10021.58,130,4697.05
2018/2/28,9978.11,10033.74,9920.82,9983.4,112,4054.4
2018/3/1,9956.31,10109.09,9936.02,10107.25,112,4111.77
2018/3/2,10053.38,10118.62,10033.75,10055.68,105,3893
2018/3/5,10062.91,10162.27,10052.13,10162.11,114,4417.67
2018/3/6,10171.15,10385.04,10170.97,10382.23,184,6917.65
2018/3/7,10368.68,10417.13,10277.83,10296.92,133,5047.77
2018/3/8,10325.54,10596.92,10314.71,10595.29,207,7871.97
2018/3/9,10611.03,10707.33,10571.56,10706.21,191,7125.71
2018/3/12,10750.86,10800.83,10725.47,10768.21,203,7531.03
2018/3/13,10749.78,10749.78,10584.33,10599.65,151,5696.09
2018/3/14,10577.07,10635.15,10566.94,10581.69,141,5303.92
2018/3/15,10555.54,10724.29,10544.43,10715.18,142,5874.98
2018/3/16,10726.37,10807.74,10676.22,10678.08,149,6057.13
2018/3/19,10681.68,11016.01,10650.05,11014.23,208,8437.46
2018/3/20,10953.39,11265.47,10934.81,11261.77,317,12053.75
2018/3/21,11275.07,11306.69,11125.67,11182.77,278,9739.29
2018/3/22,11150.12,11205.85,10973.29,11066.33,193,7419.9
2018/3/23,10740.62,10968.67,10704.92,10914.18,302,11215.1
2018/3/26,10817.67,11286.09,10794.56,11214.47,272,10974.34
2018/3/27,11285.21,11367,11144.87,11267.64,307,12341.61
2018/3/28,11192.39,11339.39,11017.33,11031.92,238,9707.7
2018/3/29,11053.16,11085.49,10723.56,10890.88,217,8755.61
2018/3/30,10896.76,11233.29,10896.76,11230.66,233,9296.94
2018/4/2,11233.79,11271.34,11038.82,11079.78,218,8524.46
2018/4/3,10967.24,11100.12,10933.54,11095.37,175,7123.76
2018/4/4,11227.02,11289.87,11059.57,11079.72,238,9453.37
2018/4/9,11047.08,11143.14,10999.42,11100.54,195,7878.02
2018/4/10,11120.72,11221.66,11073.65,11220.07,158,6339.85
2018/4/11,11220.66,11242.56,11143.74,11162.91,213,8556.79
2018/4/12,11159.68,11292.34,11127.33,11247.79,184,7764.91
2018/4/13,11291.67,11320.12,10948.29,10954.66,243,10305.18
2018/4/16,10944.49,11082.19,10873.85,11019.25,185,7592.05
2018/4/17,11018.26,11057.18,10722.17,10743.21,190,7955.65
2018/4/18,10801.61,10830.75,10531.7,10783.33,217,8463.38
2018/4/19,10784.5,10896.08,10749.6,10880.57,179,6853.05
2018/4/20,10868.64,11055.14,10848.94,10881.56,170,6807.98
2018/4/23,10867.9,10978.22,10756.67,10835.27,176,6817.46
2018/4/24,10850.72,10995.6,10850.72,10969.14,178,6893.56
2018/4/25,10940.31,11221.33,10934.2,11210.23,227,9450.87
2018/4/26,11202.75,11202.75,10973.3,10998.58,179,7397.45
2018/4/27,11017.59,11301.65,10987.01,11208.23,248,10480.54
2018/5/2,11246.82,11359.04,11186.64,11266.16,293,12039.89
2018/5/3,11243.27,11302.62,11091.85,11290.37,215,8917.11
2018/5/4,11263.7,11465.3,11242.58,11413.95,217,8850.81
2018/5/7,11437.32,11703.83,11437.32,11702.04,243,10646.83
2018/5/8,11720.15,11737.19,11641.92,11683.06,233,10040.51
2018/5/9,11679.41,11714.84,11604.89,11712.24,182,7458.78
2018/5/10,11740.31,12079.42,11707.95,12067.55,278,12284.01
2018/5/11,12061.13,12257.7,11778.96,11803.42,300,13485.24
2018/5/14,11814.69,11933.73,11686.12,11906.22,230,9961.42
2018/5/15,11929.93,12225.67,11914.37,12223.32,277,11823.92
2018/5/16,12194.23,12481.5,12165.49,12355.21,356,15427.18
2018/5/17,12355.21,12355.44,12163.44,12203.98,230,9913.56
2018/5/18,12161.85,12324.73,12048.54,12323.78,221,9191.76
2018/5/21,12369.38,12380.35,12196.6,12283.94,226,9598.88
2018/5/22,12285.32,12560.59,12259.11,12559.17,237,10574.49
2018/5/23,12523.24,12714.05,12505.4,12537.6,251,11679.82
2018/5/24,12484.39,12604.81,12482.97,12561.1,214,9358.9
2018/5/25,12579.42,12863.99,12556.04,12766.94,261,12404.44
2018/5/28,12779.24,13098.16,12642.39,13047.95,291,14311.64
2018/5/29,12979.82,13239.32,12317.69,12389.4,415,20318.05
2018/5/30,12186.29,12562.28,11983.15,12316.03,360,15769.86
2018/5/31,12418.45,12709.26,12339.62,12702.38,290,13435.1
2018/6/1,12673.01,12748.71,12115.4,12230.31,313,14178.3
2018/6/4,12271.71,12304.27,12009.3,12251.14,250,10744.19
2018/6/5,12274.12,12707.11,12274.12,12654.13,260,12126.33
2018/6/6,12681.71,12805.56,12576.24,12772.6,218,10231.53
2018/6/7,12786.97,12810.21,12552.34,12563.5,228,10085.87
2018/6/8,12514.35,12628.93,12423.33,12482.29,214,9388.46
2018/6/11,12460.39,12460.39,12040.8,12154.05,248,11101.82
2018/6/12,12174.95,12371.14,12067.99,12358.94,248,10530.18
2018/6/13,12315.91,12315.91,12106.93,12126.75,210,8623.58
2018/6/14,12089.76,12213.64,11933.97,12002.35,214,8421.47
2018/6/15,11964.66,12030.08,11778.97,11838.26,186,7646.19
2018/6/19,11710.78,11923.23,11443.12,11603.83,315,12612.96
2018/6/20,11585.34,11972.93,11475.92,11938.71,268,10938.93
2018/6/21,11938.93,12120.25,11836.93,11856.94,243,10018.71
2018/6/22,11752.6,11950.98,11628.46,11946.54,173,7127.06
2018/6/25,12000.8,12107.47,11927.9,11999.53,196,8159.61
2018/6/26,11866.89,12017.75,11747.54,11919.79,196,7880.59
2018/6/27,11923,11972.65,11504.98,11563.05,226,9126.5
2018/6/28,11446.65,11574.76,11345.34,11383.86,196,8088.1
2018/6/29,11409.08,11803.51,11395.59,11772.69,200,8027.42
2018/7/2,11766.92,11995.47,11615.86,11727.91,221,9041.12
2018/7/3,11731.29,11754.28,11132.24,11536.67,280,11267.22
2018/7/4,11474.77,11502.86,11290.72,11302.91,167,6738.2
2018/7/5,11294.91,11408.79,11069.18,11111.98,173,7324.74
2018/7/6,11084.93,11380.33,10978.62,11218.83,207,8403.11
2018/7/9,11204.41,11604.98,11204.41,11600.55,217,8678.39
2018/7/10,11611.33,11681.2,11537.11,11670.9,173,7206.57
2018/7/11,11460.99,11708.3,11363.51,11646.78,198,8020.54
2018/7/12,11654.25,11998.09,11651.42,11902.57,262,10893.62
2018/7/13,11898.83,12189.71,11859.69,12103.24,251,10740.81
2018/7/16,12051.37,12204.09,12004.51,12185.1,205,8740.84
2018/7/17,12189.05,12190.91,11856.78,11964.38,192,8137.21
2018/7/18,11988.19,12123.72,11973.49,11982.49,172,7497.55
2018/7/19,11971.46,11983.56,11683.93,11770.43,197,8093
2018/7/20,11771.64,11818.81,11632.29,11811.55,176,7223.53
2018/7/23,11347.5,11498.51,11136.63,11330.9,415,15882.52
2018/7/24,11226.3,11550.04,11166.66,11447.66,381,14717.06
2018/7/25,11427.1,11624.29,11407.04,11606.62,249,9738.09
2018/7/26,11619.2,11662.47,11455.05,11473.66,201,8002.54
2018/7/27,11454.91,11505.46,11322.59,11363.94,224,7626.81
2018/7/30,11316.23,11321.58,10956.86,11044.77,326,10924.72
2018/7/31,10976.31,11188.13,10975.79,11073.86,232,7372.85
2018/8/1,11085.67,11114.44,10867.59,10888.47,206,7028.37
2018/8/2,10864.28,10902.61,10657.16,10900.17,254,8959.2
2018/8/3,10861.52,10906.37,10535.43,10536.71,230,8011.72
2018/8/6,10429.85,10477.83,10037.04,10116.59,301,10643.35
2018/8/7,10130.94,10353.51,9994.52,10350.49,229,8002.44
2018/8/8,10340.81,10371.33,10100.86,10119.31,174,5758.27
2018/8/9,10084.93,10574.05,10062,10501.53,241,8444.96
2018/8/10,10498.89,10811.95,10490.79,10754.33,223,8190.25
2018/8/13,10649.19,10804.73,10571.83,10791.59,167,6036.45
2018/8/14,10797.71,10844.01,10713.73,10780.53,144,5447.61
2018/8/15,10772.21,10772.21,10350.68,10369.94,226,7595.58
2018/8/16,10221.05,10510.54,10192.19,10332.42,169,5960.39
2018/8/17,10386.75,10421.22,9936.26,9994.18,289,9585.37
2018/8/20,9918.48,9978.2,9528.01,9799.39,264,9287.19
2018/8/21,9815.33,10226.75,9814.28,10226.33,246,8625.22
2018/8/22,10199.51,10263.61,10102.38,10158.21,179,6016.45
2018/8/23,10179.61,10299.52,10110.4,10238.16,169,5951.91
2018/8/24,10209.83,10356.02,10126.95,10258.19,184,6603.51
2018/8/27,10304.79,10695.7,10304.35,10654.34,289,10632.68
2018/8/28,10659.22,10675.2,10559.52,10626.44,221,8226.03
2018/8/29,10617.22,10626.29,10546.82,10570.07,172,6042.04
2018/8/30,10566.19,10619.46,10410.18,10434.6,153,5626.87
2018/8/31,10362.91,10362.91,10134.39,10196.43,282,9436.88
2018/9/3,10132.24,10169.21,10018.95,10166.42,241,7216.3
2018/9/4,10185.08,10257.52,10058.53,10218.69,209,6917.57
2018/9/5,10207.9,10253.61,10106,10111.94,175,5728.07
2018/9/6,10048.42,10145.23,9938.24,9971.99,162,5368.24
2018/9/7,10013.54,10244.37,10013.54,10158.09,202,6896.15
2018/9/10,10161.45,10206.35,9952.71,9970.45,165,5840.27
2018/9/11,9974.23,10094.56,9939.79,10025.62,135,4663.73
2018/9/12,10017.66,10017.66,9727.7,9740.6,217,8006.09
2018/9/13,9860.63,9894.31,9251.88,9561.4,341,12057.63
2018/9/14,9530,9572.76,9425.31,9498.48,188,6448.41
2018/9/17,9440.73,9505.67,9252.94,9266.79,167,5690.85
2018/9/18,9245.24,9475.84,9192.48,9468.69,196,6866.47
2018/9/19,9436.49,9720.92,9410.99,9622.89,215,7430.05
2018/9/20,9603.76,9680.78,9540.83,9580.74,149,4782.38
2018/9/21,9597.95,9820.37,9530.32,9802.32,224,7190.93
2018/9/25,9718.62,9858.75,9696.83,9813.05,144,4770.06
2018/9/26,9848.55,10096.5,9818.36,9989.98,251,8803.31
2018/9/27,9988.63,10176.18,9968.9,10058.88,225,7958.43
2018/9/28,10045.47,10171.04,10045.12,10171.04,176,6179.01
2018/10/8,9946.11,9970.06,9661.41,9702.77,205,7210.09
2018/10/9,9692.05,9811.27,9648.59,9698.28,166,5815.98
2018/10/10,9745.1,9764.23,9456.17,9583.9,163,5309.98
2018/10/11,9223.23,9415.27,9162.77,9247.72,247,7699.16
2018/10/12,9262.3,9431.96,9206.15,9377.76,202,6554.23
2018/10/15,9386.08,9524.05,9304.81,9320.59,156,5057.3
2018/10/16,9321.4,9398.44,9061.76,9152.16,189,5763.8
2018/10/17,9260.21,9292.43,8843.82,9063.77,208,6520.63
2018/10/18,8914.69,8958.62,8682.52,8710.9,195,6193.67
2018/10/19,8543.57,8866.44,8499.62,8840.18,306,8596.04
2018/10/22,8872.72,9347.17,8872.72,9288.28,868,18113.85
2018/10/23,9232.89,9245.36,8961.79,9036.94,555,12259.12
2018/10/24,8981.77,9022.99,8774.08,8867.88,390,9182.52
2018/10/25,8590.22,8772.49,8528.22,8732.17,335,7820.14
2018/10/26,8792.96,8830.45,8599.25,8650.64,416,8990.94
2018/10/29,8641.96,8641.96,8378.76,8423.32,395,8877.12
2018/10/30,8402.23,8654.47,8333.18,8565.19,384,9158.18
2018/10/31,8603.49,8864.44,8601.59,8834.86,387,8886.56
2018/11/1,8902.87,9083.27,8891.17,8922.77,435,10324.96
2018/11/2,9168.03,9402.6,9140.1,9394.33,526,13019
2018/11/5,9336.54,9390.73,9158.84,9293.88,357,8770.36
2018/11/6,9306.09,9325.33,9208.43,9321.75,267,6945.19
2018/11/7,9331.79,9405,9263.46,9271.8,259,7045.31
2018/11/8,9358.13,9387.28,9253.06,9285.28,217,5867.2
2018/11/9,9223.21,9264.96,9172.52,9214.8,225,5533.34
2018/11/12,9215.01,9353.36,9115.99,9326.88,278,6913.26
2018/11/13,9209.29,9469.84,9189.71,9423.54,350,8553.92
2018/11/14,9430.21,9452.89,9322.14,9330.52,270,6744.24
2018/11/15,9297.67,9358.92,9220.98,9358.15,257,6992.59
2018/11/16,9339.26,9342.74,9098.94,9209.21,366,10153.04
2018/11/19,9200.22,9326.77,9187.24,9310.62,384,9048.43
2018/11/20,9255.25,9281.28,9165.83,9181.73,273,6778.83
2018/11/21,9112.57,9360.29,9108.06,9325.92,266,7728.94
2018/11/22,9330.57,9392.65,9264.12,9310.79,215,5707.35
2018/11/23,9278.66,9311.33,9118.11,9130.84,289,8721.15
2018/11/26,9115.22,9186.45,9069.36,9100,179,5085.37
2018/11/27,9128.78,9172.56,9061.36,9122.2,178,4894.79
2018/11/28,9124.02,9176.42,9004.92,9160.31,290,6594.53
2018/11/29,9191.26,9270.67,9109.33,9109.5,367,8345.13
2018/11/30,9099.66,9240.17,9071.96,9230.43,288,7047.27
2018/12/3,9426.69,9561.72,9348.45,9524.3,400,11106.91
2018/12/4,9495.72,9615.39,9473.66,9610.23,321,8018.37
2018/12/5,9483.07,9781.68,9474.28,9686.02,382,10289.41
2018/12/6,9599.5,9668.46,9201.77,9237.03,404,12123.33
2018/12/7,9086.26,9109.82,8828.31,8838.68,404,11973.5
2018/12/10,8662.48,8745,8612.45,8673.29,352,9420.03
2018/12/11,8664.23,8777.38,8664.23,8759.86,248,7009.71
2018/12/12,8776.06,8784.21,8631.46,8655.77,188,5452.85
2018/12/13,8646.04,8789.32,8625.02,8743.98,254,7317.58
2018/12/14,8682.58,8682.75,8479.08,8503.35,327,9236.59
2018/12/17,8418.75,8419.83,8221.55,8357.06,302,8997.49
2018/12/18,8294.81,8386,8243.62,8280.03,239,6619.48
2018/12/19,8284.2,8291.2,7990.47,8008.76,339,9175.98
2018/12/20,7954.5,7987.25,7863.73,7906.29,331,8413.11
2018/12/21,7861.12,7865.57,7664.38,7720.2,639,11127.86
2018/12/24,7715.79,7937.56,7699.21,7918.76,442,8215.39
2018/12/25,7824.75,7952.69,7784.48,7933.18,458,8251.42
2018/12/26,7927.63,8004.61,7888.93,7891.42,438,7084.63
2018/12/27,7997.39,8019.06,7812,7822.02,534,9015.55
2018/12/28,7827.88,7896.07,7766.51,7881.37,445,7999.83
2019/1/2,7860.17,7863.3,7577.14,7580.94,462,10142.17
2019/1/3,7514.31,7524.76,7334.73,7365.66,427,8752.76
2019/1/4,7263.93,7600.17,7257.89,7600.17,682,10900.48
2019/1/7,7612.4,7630.85,7552.87,7621.03,526,8864.23
2019/1/8,7606.96,7675.42,7591.84,7648.94,396,6504.03
2019/1/9,7673.57,7860.86,7644.87,7759.96,582,9474.29
2019/1/10,7733.58,7810.43,7661.31,7723.68,450,7487.06
2019/1/11,7726.91,7753.46,7631.35,7700.31,311,5624.31
2019/1/14,7704.93,7707.45,7518,7527.23,337,6378.07
2019/1/15,7542.24,7767.07,7528.63,7765.15,413,8374.35
2019/1/16,7766.12,7910.98,7731.69,7886.49,395,8401
2019/1/17,7879.34,7957.56,7857.97,7859.06,400,7826.76
2019/1/18,7875.64,8103.63,7875.36,8086.99,455,9956.55
2019/1/21,8093.41,8222.61,8086.5,8117.41,414,9484.75
2019/1/22,8106.99,8106.99,7912.95,7943.57,356,7036.18
2019/1/23,7907.21,7971.43,7894.66,7942.91,310,5288.28
2019/1/24,7946.99,8001.99,7848.67,7987.66,265,5655.25
2019/1/25,7988.29,8035.88,7945.41,7965.37,387,6547.32
2019/1/28,7968.02,7968.55,7803.73,7806.31,414,8648.19
2019/1/29,7786.1,7888.32,7780.45,7862.39,346,6855.79
2019/1/30,7835.02,7913.96,7798.13,7807.05,310,5874.29
2019/1/31,7826.96,7863.82,7780.97,7821.91,368,7313.37
2019/2/1,7883.65,8121.88,7867.22,8109.43,455,8967.49
2019/2/11,8080.75,8311.5,8077.87,8301.05,457,9464.34
2019/2/12,8336.86,8596.17,8332.72,8556.48,661,13410.35
2019/2/13,8590.51,8723,8533.49,8687.96,650,12731.79
2019/2/14,8679.39,8775.6,8629.82,8738.09,579,10489.76
2019/2/15,8720.99,8758.88,8601.87,8628.03,744,11971.98
2019/2/18,8712.46,8968.06,8712.46,8968.06,779,14696.94
2019/2/19,8984.62,9017.55,8791.76,8873.69,892,16706.97
2019/2/20,8836.24,8850.37,8670.04,8768.79,705,13482.9
2019/2/21,8759.66,8857.44,8688.1,8718.36,681,12763.98
2019/2/22,8709.34,8814.62,8622.63,8814.62,630,12376.27
2019/2/25,8836.47,9140.15,8836.47,9131.14,1045,22758.62
2019/2/26,9159.89,9585.01,9105.33,9229.45,1180,27312.38
2019/2/27,9205.7,9303.18,9079.68,9159.55,739,16632.94
2019/2/28,9168.49,9408.39,9168.49,9408.39,892,18202.61
2019/3/1,9545.74,9566.57,9363.79,9476.36,881,17389.23
2019/3/4,9536.75,9733.03,9495.98,9576.27,892,23102.48
2019/3/5,9536.57,9635.4,9498.02,9634.87,669,16301.49
2019/3/6,9646.87,9706.48,9520.03,9631.39,748,18204.38
2019/3/7,9653.36,9654.33,9444.56,9530.41,776,19401.57
2019/3/8,9417.24,9615.67,9332.59,9342.56,829,18238.26
2019/3/11,9441.06,9622.27,9391,9620.57,876,21737.75
2019/3/12,9687.14,9730.1,9537.57,9628.64,910,21236.58
2019/3/13,9618.2,9707.53,9551.63,9598.83,785,18996.11
2019/3/14,9572.81,9681.19,9449.41,9509.9,703,16208.77
2019/3/15,9533.51,9753.31,9508.27,9646.71,617,16025.93
2019/3/18,9695.8,10095.43,9664.33,10092.11,938,24754
2019/3/19,10103.27,10130.31,9890.12,9957.11,853,20072.76
2019/3/20,9924.46,10003.4,9784.98,9931.96,767,17812.25
2019/3/21,9950.77,9968.99,9855.71,9930.12,704,16674.73
2019/3/22,9938.43,10048.83,9868.57,10048.83,666,16454.34
2019/3/25,9879.69,10037.71,9805.24,9805.6,723,17976.46
2019/3/26,9855.95,9886.95,9623.52,9650.17,629,14975.19
2019/3/27,9758.77,9985.71,9750.94,9975.69,724,18658.28
2019/3/28,9961,10079.16,9902.88,10001.22,662,16141.33
2019/3/29,9988.51,10279.38,9936.98,10252.59,775,20272.12
2019/4/1,10313.58,10497.49,10313.29,10477.07,893,23100.03
2019/4/2,10473.79,10473.79,10318.39,10389.71,799,20354.76
2019/4/3,10351.59,10469.91,10310.07,10456.77,896,20851.27
2019/4/4,10472.35,10482.2,10375.61,10481.25,904,21493.27
2019/4/8,10502.84,10535.27,10250.84,10352.85,874,22288.52
2019/4/9,10327.96,10569.11,10237.64,10545.29,701,19810.62
2019/4/10,10520.37,10788.74,10458.4,10705.21,957,25489.96
2019/4/11,10710.09,10780.33,10366.5,10374.54,761,20191.1
2019/4/12,10377.45,10415.47,10264.43,10323.72,464,12313.41
2019/4/15,10445.48,10529.42,10189.83,10196.59,476,13746.43
2019/4/16,10174.44,10386.92,10131.4,10386.92,473,12811.96
2019/4/17,10398.96,10425.34,10321.1,10377.38,447,11761.36
2019/4/18,10388.56,10388.74,10281.74,10315.38,446,10419.22
2019/4/19,10317.47,10437.62,10262,10356.99,380,10163.81
2019/4/22,10348.63,10354.25,10193.63,10217.35,490,13433.09
2019/4/23,10209.57,10313.59,10204.96,10237.93,626,13892.32
2019/4/24,10256.11,10305.05,10118.15,10267.68,472,11540.15
2019/4/25,10258.17,10365.63,10154.86,10162.12,528,13386.75
2019/4/26,10113.23,10126.46,9937.33,9952.02,572,14044.6
2019/4/29,9974.16,10292.71,9974.16,10158.4,602,17057.91
2019/4/30,10072.69,10150.88,10050.13,10129.38,427,12831.62
2019/5/6,9823.49,9823.49,9480.25,9561.58,566,17319.33
2019/5/7,9562.87,9826.05,9530.74,9710.66,461,14938.4
2019/5/8,9485.91,9717.96,9465.34,9559.79,380,11499.07
2019/5/9,9447.25,9523.77,9245.69,9257.79,341,11038.88
2019/5/10,9334.91,9532.01,9151.37,9517.17,835,14909.39
2019/5/13,9381.77,9542.6,9336.32,9462.25,630,10941.18
2019/5/14,9397.82,9525.47,9363.05,9370.49,537,10763.14
2019/5/15,9445.88,9641.86,9436.72,9635.59,617,13375.55
2019/5/16,9602.98,9711.29,9533.43,9711.29,654,12473.55
2019/5/17,9687.03,9687.03,9453.95,9470.21,763,13711.25
2019/5/20,9441.25,9458.74,9205.96,9292.04,365,9712.44
2019/5/21,9281.28,9485.42,9266.2,9426.49,302,8701.74
2019/5/22,9417.09,9453.34,9309.93,9388.62,261,7528.29
2019/5/23,9362.51,9362.51,9144.95,9149.83,259,7524.31
2019/5/24,9138.01,9215.73,9098.46,9129.32,205,5706.51
2019/5/27,9140.42,9242.58,9026.48,9215.68,289,8338.84
2019/5/28,9203.18,9336.86,9202.73,9336.86,324,9283.65
2019/5/29,9250.7,9308.66,9184.77,9253.31,252,6939.86
2019/5/30,9188.7,9213.86,9102.7,9182.67,239,6659.12
2019/5/31,9225.83,9308.06,9210.8,9210.8,261,7831.35
2019/6/3,9198.99,9310.71,9176.22,9205.08,291,8150.24
2019/6/4,9194.24,9200.9,9016.34,9041.44,258,7704.32
2019/6/5,9057.35,9090.73,8669.68,8673.76,462,12997.7
2019/6/6,8660.87,8660.87,8505.68,8572.27,360,9372.61
2019/6/10,8575.59,8693.32,8500.81,8650.08,276,7206.56
2019/6/11,8651.68,8907.77,8651.68,8901.47,353,9831.43
2019/6/12,8875.44,8896.51,8823.92,8869.52,616,7920.48
2019/6/13,8881.37,8933.65,8784.31,8904.92,392,6579.19
2019/6/14,8921.02,9032.56,8886.54,8905.08,480,8675.36
2019/6/17,8973.9,9043.02,8915.11,8940.48,313,8211.62
2019/6/18,8963.86,9000.49,8894.65,8992.03,247,6733.17
2019/6/19,9157.67,9201.97,9116.71,9129.69,324,9401.6
2019/6/20,9136.23,9349.29,9118.05,9301.33,367,11220.07
2019/6/21,9332.92,9416.5,9319.02,9336.7,341,9948.29
2019/6/24,9356.77,9418.03,9279.57,9366.6,277,7696.83
2019/6/25,9365.65,9420.5,9224.62,9353.96,310,8513.12
2019/6/26,9340.7,9456.58,9326.44,9445.53,266,8063.85
2019/6/27,9440,9568.39,9439.96,9523.76,307,9250.52
2019/6/28,9544.75,9544.75,9432.38,9487.75,272,8020.68
2019/7/1,9637.49,9788.56,9629.78,9780.49,445,13226.99
2019/7/2,9761.52,9933.67,9729.25,9907.64,498,13823.4
2019/7/3,9882.74,9882.74,9710.16,9747.53,379,11786.49
2019/7/4,9763.92,9779.3,9522.51,9560,330,10330.81
2019/7/5,9597.79,9749.72,9596.57,9726.15,348,10249.73
2019/7/8,9665.57,9666.07,9430.66,9537.38,379,10854.55
2019/7/9,9538.14,9579.46,9469.55,9510.39,264,7232.03
2019/7/10,9553.43,9633.38,9512.93,9560.5,332,9062.93
2019/7/11,9587.64,9648.59,9498.52,9530.7,343,8850.19
2019/7/12,9525.71,9616.21,9513.35,9564.01,321,8278.35
2019/7/15,9572.3,9649.99,9446.15,9597.46,397,11021.87
2019/7/16,9587.07,9624.23,9497.2,9513.43,371,10300.28
2019/7/17,9503.12,9569.93,9451.85,9520.89,346,9576.73
2019/7/18,9486.74,9499.24,9405.69,9410.13,301,8091.88
2019/7/19,9447.81,9517.41,9390.74,9401.82,241,7384.7
2019/7/22,9410.35,9425.23,9296.84,9353.86,281,8176.95
2019/7/23,9363,9434.71,9341.62,9417.41,243,7328.19
2019/7/24,9445.46,9541.08,9437.85,9491.88,257,7581.59
2019/7/25,9500.4,9555.15,9480.54,9544.22,234,6745.49
2019/7/26,9523.63,9618.07,9511.09,9589.84,273,7940.54
2019/7/29,9595.82,9596.48,9502.02,9518.86,234,6881.9
2019/7/30,9523.02,9600.47,9521.61,9573.15,260,7225.48
2019/7/31,9545.56,9576.44,9479.63,9513.83,249,7034.81
2019/8/1,9473.95,9496.54,9408.97,9432.45,276,7892.95
2019/8/2,9265.11,9378.43,9253.05,9342.84,286,7834.57
2019/8/5,9310.53,9318.01,9135.82,9136.58,259,7520.95
2019/8/6,8997.38,9133.73,8909.8,9107.84,321,8624.9
2019/8/7,9152.77,9228.91,9132.7,9178.05,235,6561.35
2019/8/8,9215.34,9348.19,9215.34,9333.19,259,7391.25
2019/8/9,9384.83,9464.87,9307.16,9328.65,319,9160.63
2019/8/12,9331.72,9423.1,9278.67,9423.1,313,7496.94
2019/8/13,9359.94,9434.16,9339.24,9405.15,386,9050.73
2019/8/14,9488.76,9595.65,9472.66,9559.1,429,11818.18
2019/8/15,9418.49,9604.36,9401.12,9580.62,410,10225.22
2019/8/16,9587.97,9706.06,9541.51,9651.36,453,11894.12
2019/8/19,9707.04,9855.81,9707.04,9854,534,14190.16
2019/8/20,9850.9,9860.95,9768.31,9805.88,492,13215.63
2019/8/21,9780.68,9791.34,9700.91,9733.41,374,10060.28
2019/8/22,9788.19,9845.86,9752.12,9840.89,417,10910.44
2019/8/23,9864.64,10236.81,9831.61,10160.9,580,17082.36
2019/8/26,10031.84,10302.66,10031.84,10209.3,578,16588.86
2019/8/27,10277.6,10413.09,10259.28,10273.91,644,17395.11
2019/8/28,10276.53,10276.53,10115.86,10187.41,504,13815.48
2019/8/29,10152.05,10205.24,10092.71,10167.17,429,11564.29
2019/8/30,10222.45,10362.98,10191.05,10251,460,13277.13
2019/9/2,10276.62,10320.81,10190.62,10319.12,436,12808.28
2019/9/3,10320.24,10320.24,10172.71,10223.92,366,10862.08
2019/9/4,10230.97,10270.24,10127.01,10220.16,391,11234.68
2019/9/5,10266.77,10311.61,10242.85,10273.94,487,13660.33
2019/9/6,10321.81,10382.7,10207.44,10382.43,425,11654.57
2019/9/9,10425.96,10428.46,10289.02,10402.82,481,13564.59
2019/9/10,10412.44,10543.3,10360.31,10522.38,525,14153.12
2019/9/11,10537.52,10541.36,10277.89,10303.05,452,13050.53
2019/9/12,10325.25,10363.53,10258.83,10331.75,363,9572.66
2019/9/16,10371.52,10416.85,10321.44,10380.89,358,9468.75
2019/9/17,10369.69,10407.71,10231.68,10257.19,361,9244.09
2019/9/18,10257.92,10357.8,10256.7,10335.23,295,9320.11
2019/9/19,10368.18,10406.34,10300.08,10379.33,334,9849.93
2019/9/20,10397.18,10565.73,10378.74,10494.8,339,10880.38
2019/9/23,10492.11,10492.11,10284.44,10331.56,373,9947.46
2019/9/24,10346.94,10530.45,10345.11,10439.87,473,14116.23
2019/9/25,10404.76,10438.25,10321.91,10359.43,421,12278.92
2019/9/26,10403.46,10425.47,10197.28,10213.59,390,10946.62
2019/9/27,10209.7,10254.48,10104.63,10210.56,247,7338.35
2019/9/30,10197.18,10277.13,10163.44,10168.52,242,7157.53
2019/10/8,10143.05,10282.48,10143.05,10181.93,317,9142.65
2019/10/9,10177.99,10177.99,9993.74,10106.76,259,8355.11
2019/10/10,10127.13,10455.96,10121.9,10433.59,355,11991.59
2019/10/11,10488.59,10501.53,10403.41,10463.88,324,9282.32
2019/10/14,10548.88,10610.6,10534.96,10568.73,385,12257.93
2019/10/15,10592.61,10734.95,10567.97,10638.81,401,11352.02
2019/10/16,10682.03,10775.28,10647.92,10700.87,328,10857.72
2019/10/17,10723.85,10796.94,10607.18,10665.39,287,8832.56
2019/10/18,10692.28,10772.84,10583.69,10624.68,361,11569.39
2019/10/21,10619.7,10673.56,10417.03,10498.48,316,10783.12
2019/10/22,10554.74,10641.86,10521.24,10639.36,260,8119.35
2019/10/23,10619.75,10672.25,10462.38,10474.47,280,8157.94
2019/10/24,10534.79,10539.17,10365.73,10429.57,271,8720.63
2019/10/25,10529.94,10670.48,10512.29,10655.46,330,11531.15
2019/10/28,10682.84,10861.25,10680.08,10861.15,399,12449.82
2019/10/29,10838.23,10980.11,10812.78,10919.94,424,12883.43
2019/10/30,10952.45,10954.55,10817.8,10851.72,425,12365.84
2019/10/31,10891,11034.81,10838.68,10957.59,403,13914.5
2019/11/1,10951.49,11140.18,10929.05,11140.18,412,13398.26
2019/11/4,11166.6,11264.29,11147.67,11180.44,424,13246.44
2019/11/5,11191.58,11219.05,11103.79,11167.6,338,11330.24
2019/11/6,11170.37,11182.67,11113.65,11144.82,347,10837.1
2019/11/7,11165.11,11274.59,11140.59,11208.95,424,11911.51
2019/11/8,11295.1,11312.95,11202.76,11229.62,367,11468.64
2019/11/11,11177.75,11177.75,10957.55,10997.25,362,12186.68
2019/11/12,11026.92,11070.98,10944.41,11070.98,336,10251.17
2019/11/13,11085.63,11242.91,11025.86,11212.44,375,13498.63
2019/11/14,11226.71,11405.5,11226.71,11381.59,398,12471.68
2019/11/15,11377.5,11414.76,11262.13,11262.13,397,11706.26
2019/11/18,11296.73,11336.45,11242.62,11329.4,319,10853.8
2019/11/19,11336.1,11566.88,11316.48,11566.88,349,12649.77
2019/11/20,11558.21,11629.54,11481.38,11518.93,350,11954.5
2019/11/21,11495.74,11495.74,11258.59,11304.31,340,12936.03
2019/11/22,11342.74,11378.52,10862.13,10961.81,480,18462.18
2019/11/25,10963.87,11001.44,10732.19,10892.81,350,13266.35
2019/11/26,10968.25,11028.53,10895.86,11008.46,342,12190.11
2019/11/27,10977.57,10988.77,10849.85,10940.83,268,8922.25
2019/11/28,10954.56,10964.41,10872.91,10940.55,239,7423.42
2019/11/29,10924.28,10924.28,10484.71,10637.12,441,16723.99
2019/12/2,10502.42,10577.47,10443.6,10458.11,416,13303.77
2019/12/3,10428.42,10461.05,10261.82,10453.75,398,12876.73
2019/12/4,10439.35,10556.82,10405.45,10516.8,272,9248.01
2019/12/5,10556.74,10695.18,10556.7,10618.12,325,10256.32
2019/12/6,10648.32,10699.42,10594.1,10699.42,288,8767.42
2019/12/9,10718.93,10718.93,10401.66,10461.95,356,12857.8
2019/12/10,10407.39,10564.22,10395.58,10564.22,324,10381.33
2019/12/11,10595.68,10595.68,10505.12,10555.32,285,8387.35
2019/12/12,10597.3,10597.3,10499.14,10531.37,339,9382.42
2019/12/13,10590.13,10711.73,10572.13,10711.68,403,13347.72
2019/12/16,10754.47,10764.92,10667.44,10754.35,461,14444.72
2019/12/17,10742.72,10870.46,10679.37,10842.33,490,14939.31
2019/12/18,10830.21,10830.21,10663.87,10697.38,408,12980.28
2019/12/19,10715.71,10716.03,10656.28,10710.18,342,10007.67
2019/12/20,10726.85,10740.21,10635.19,10644.55,308,9101.56
2019/12/23,10626.09,10746.01,10582.94,10606.54,313,9747.44
2019/12/24,10598.6,10637.31,10577.76,10602.26,272,8251.1
2019/12/25,10589.07,10597.29,10516.19,10590.97,319,10466.03
2019/12/26,10611.29,10692.34,10601.35,10692.3,406,10958.78
2019/12/27,10693.28,10741.3,10618.46,10624.73,393,12281.22
2019/12/30,10597.24,10675.29,10499.55,10661.85,349,10745.08
2019/12/31,10665.82,10945.31,10657.95,10907.05,531,16216.1
2020/1/2,10966.28,10966.28,10841.14,10905,591,17808.05
2020/1/3,10944.03,10953.7,10831.22,10868.87,459,15633.09
2020/1/6,10817.35,10867.82,10698.84,10749.42,539,18396.02
2020/1/7,10754.44,10902.56,10749.33,10900.42,492,14930.91
2020/1/8,10815.86,10863.15,10766.44,10793.21,436,12283.84
2020/1/9,10869.72,11086.95,10869.72,11072.03,507,17278.02
2020/1/10,11113.16,11174.31,11085.58,11134.89,438,14841.29
2020/1/13,11184.47,11205.64,11053.8,11205.64,457,15219.52
2020/1/14,11207.65,11212.74,11091.85,11095.38,415,14247.42
2020/1/15,11093.63,11224.11,11067.18,11132.26,394,12613.34
2020/1/16,11153.1,11157.96,11021.02,11143.93,461,14278.26
2020/1/17,11172.99,11371.36,11144.32,11317.02,665,21219.29
2020/1/20,11442.92,11498.8,11217.48,11389.29,770,23172.3
2020/1/21,11436.35,11619.39,11430.3,11501.06,958,26037.28
2020/1/22,11521.53,11536.12,11304,11389.69,649,18147.45
2020/1/23,11376.24,11445.7,10997.02,11099.13,758,21134.94
2020/2/3,10335.21,10812.58,10335.21,10578.96,1134,32137.19
2020/2/4,10604.05,10949.14,10533.08,10896.16,917,25609.4
2020/2/5,10989.16,11258.67,10926.12,11255.76,1181,31629.39
2020/2/6,11300.4,11700.59,11201.2,11579.75,1326,38305.88
2020/2/7,11628.51,11684.51,11295.72,11444.87,1188,30890.64
2020/2/10,11422.7,11422.7,11208.12,11328.88,854,22827.21
2020/2/11,11325.02,11433.66,11268.49,11371.25,653,18639.49
2020/2/12,11419.02,11549.63,11400.38,11545.75,583,18023.01
2020/2/13,11551.06,11551.06,11340.58,11427.15,754,19749.65
2020/2/14,11497.06,11543.69,11375.75,11447.78,809,20495.76
2020/2/17,11446.92,11651.84,11437.21,11617.1,759,20989.97
2020/2/18,11673.41,11704.08,11494.77,11538,736,20771.55
2020/2/19,11523.53,11525.49,11350.6,11354.53,674,18397.82
2020/2/20,11371.95,11512.83,11345.46,11498.54,592,17838.97
2020/2/21,11464.8,11571.78,11402.72,11531.69,616,18354.03
2020/2/24,11546.29,11554.58,11400.58,11486.8,685,21183.85
2020/2/25,11335.91,11649.44,11323.69,11569.41,893,25051.31
2020/2/26,11452.26,11454.98,11206.85,11232.89,708,21171.68
2020/2/27,11288.81,11375.54,11223.15,11299.29,470,15150.58
2020/2/28,11063.04,11217.21,10906.85,10946.49,666,20138.96
2020/3/2,11040.24,11249.25,10943.68,11184.81,524,16912.35
2020/3/3,11323.85,11610.64,11323.57,11477.88,679,22313.46
2020/3/4,11454.16,11506.29,11349.13,11506.29,507,15677.78
2020/3/5,11609.85,11837.37,11576.16,11827.95,676,23562.89
2020/3/6,11791.68,12049.02,11775.41,11843.13,571,18758.92
2020/3/9,11698.59,11766.71,11526.33,11533.04,667,21415.51
2020/3/10,11475.47,11664.75,11273.96,11609.93,671,20638.03
2020/3/11,11672.96,11707.22,11461.42,11461.42,469,14473.44
2020/3/12,11324.51,11383.23,11018.81,11075.23,514,17305.14
2020/3/13,10522.01,10995.17,10502.94,10869.29,613,19931.75
2020/3/16,10935.41,10984.74,10482.24,10514.61,627,20504.84
2020/3/17,10556.81,10717.36,10138.16,10499.96,639,20353.53
2020/3/18,10600.92,10818.52,10412.5,10412.5,614,20288.55
2020/3/19,10406.79,10492.13,10023.2,10256.08,697,21800.23
2020/3/20,10375.15,10533.29,10306.02,10487.31,625,18449.81
2020/3/23,10308.35,10511.37,10274.92,10339.61,610,19213.62
2020/3/24,10496,10686.62,10452.45,10682.41,604,19309.53
2020/3/25,10930.87,11074.91,10819.4,11047.9,647,21413.48
2020/3/26,10994.37,11267.12,10936.22,11241.59,696,21519.34
2020/3/27,11423.51,11529.15,11208.36,11213.82,667,23617.58
2020/3/30,11109.13,11269.03,10956.65,11093.68,581,19634.48
2020/3/31,11154.97,11262.93,11088.58,11246.98,557,18748.5
2020/4/1,11210.25,11255.75,11045.43,11076.97,486,15705.66
2020/4/2,11067.17,11240.55,10980.79,11240.55,429,13873.7
2020/4/3,11224.17,11482.64,11217.23,11358.48,527,16692.94
2020/4/7,11487.98,11665.58,11440.31,11656.9,668,20290.69
2020/4/8,11590.06,11710.71,11485.78,11607.43,632,18701.45
2020/4/9,11642.92,11974.45,11618.51,11910.7,633,20085.65
2020/4/10,11890.59,12143.36,11755.81,11782.99,588,18849.38
2020/4/13,11802.7,11930.44,11716.77,11833.42,427,13177.91
2020/4/14,11928.93,12057.61,11730.7,12055.31,564,19307.06
2020/4/15,12007.22,12138.27,11921.77,11953.98,793,20365.5
2020/4/16,11870.23,12067.03,11836.82,11999.19,605,18221.21
2020/4/17,12021.45,12061.95,11889.31,11912.38,558,17736.3
2020/4/20,11938.79,12056.93,11931.74,11996.35,456,15933.01
2020/4/21,12009.52,12009.52,11775.45,11876.39,475,15829.7
2020/4/22,11846,12118.16,11756.83,12118.1,425,16274.96
2020/4/23,12187.01,12284.93,12058.46,12116.39,699,21784.37
2020/4/24,12118.19,12124.04,11898.56,11925.97,740,18984.15
2020/4/27,11997.99,12234.18,11857.91,12160.89,609,19902.15
2020/4/28,12167.84,12236.01,11942.32,12190.36,625,20017.04
2020/4/29,12176.15,12274.77,11959.65,12029.73,471,16585.21
2020/4/30,12033.64,12040.19,11924.78,11966.73,545,19067.92
2020/5/6,11877.39,12226.92,11855.03,12226.92,602,20294.69
2020/5/7,12226.85,12278.74,12133.76,12230.51,483,15106.12
2020/5/8,12264.28,12422.58,12221.71,12328.33,524,16480.7
2020/5/11,12373.26,12398.99,12076.71,12132.91,535,18564.06
2020/5/12,12132.37,12303.84,12106.33,12299.55,532,17186.22
2020/5/13,12299.05,12488.44,12246.21,12471.25,510,18026.44
2020/5/14,12426.3,12510.24,12372.48,12456.99,466,15344.62
2020/5/15,12500.67,12536.59,12281.61,12321.41,421,15598.44
2020/5/18,12314.08,12630.65,12246.03,12544.36,476,18559.07
2020/5/19,12709.25,12808.39,12556.7,12632.97,439,16251.41
2020/5/20,12649.42,12695.43,12425.44,12483.81,455,16735.52
2020/5/21,12530.56,12775.06,12506.03,12608.81,479,18010.98
2020/5/22,12611.04,12611.24,12190.06,12244.03,485,17583.79
2020/5/25,12284.05,12423.5,12216.67,12404.51,405,13475.31
2020/5/26,12466.68,12643.66,12409.86,12630.29,450,15252.46
2020/5/27,12624.13,12624.13,12330.8,12382.74,433,15682.39
2020/5/28,12369.96,12376.45,12026.11,12196.48,464,15674.76
2020/5/29,12164.26,12392.25,12128.94,12375.11,398,14209.07
2020/6/1,12464.5,12619.52,12444.61,12587.52,474,16749.09
2020/6/2,12562.2,12562.2,12419.33,12473.16,433,14150.87
2020/6/3,12515.47,12644.3,12507.03,12548.52,529,19333.74
2020/6/4,12578.27,12665.7,12494.88,12658.98,434,15985.11
2020/6/5,12640.4,12748.17,12553.4,12744.4,377,14636.73
2020/6/8,12796.23,12806.25,12513.24,12567.56,446,17581.13
2020/6/9,12573.84,12812.47,12568.56,12807.75,500,18083.38
2020/6/10,12813.53,13078.86,12801.68,13034.75,490,19446.78
2020/6/11,13027.65,13106.67,12868.75,12957.05,510,17672.11
2020/6/12,12741.68,13170.16,12741.68,13113.81,562,20582.66
2020/6/15,13179.69,13313.16,13080.76,13110.4,484,19726.61
2020/6/16,13207.52,13428.51,13139.62,13428.51,550,20687.27
2020/6/17,13464.28,13766.07,13461.96,13739.48,675,26086.15
2020/6/18,13730.64,13730.64,13400.14,13571.27,547,21650.58
2020/6/19,13586.14,14046.03,13586.14,14033.81,581,24890.36
2020/6/22,14039.29,14299.45,13992.25,14116.48,544,22980.15
2020/6/23,14091.83,14399.13,14025.02,14398.92,516,24159.09
2020/6/24,14374.37,14434.56,14057.63,14234.8,515,25444.31
2020/6/29,14238.34,14335.34,14168.05,14306.38,584,25184.46
2020/6/30,14376.34,14503.46,14329.59,14444.99,591,24857.1
2020/7/1,14482.66,14482.66,14042.98,14273.87,639,29603.91
2020/7/2,14260.18,14373.18,14071.65,14184.77,683,32431.09
2020/7/3,14147.7,14397.54,14005.13,14397.54,733,31653.2
2020/7/6,14377.76,14466.28,14218.34,14456.06,918,39557.61
2020/7/7,14383.75,14987.75,14311.85,14868.11,930,43125.79
2020/7/8,14893.95,15022.16,14790.78,14886.54,712,31230.74
2020/7/9,14864.9,15388.6,14849.97,15360.47,935,37983.29
2020/7/10,15338.85,15688.85,15281.22,15545.88,859,35140.58
2020/7/13,15599.45,16194.34,15599.45,16142.56,929,40948.86
2020/7/14,16228.47,16398.01,15859.54,16221.45,980,42860.14
2020/7/15,16288.9,16948.53,16279.61,16509.43,1058,50152.16
2020/7/16,16499.16,16526.99,15384.64,15419.6,1063,49511.56
2020/7/17,15391.22,15849.21,15323.8,15604.21,708,33625.27
2020/7/20,15725.33,15805.44,15165.24,15553.1,714,30690.78
2020/7/21,15597.63,16226.24,15532.05,16167.23,731,35380.03
2020/7/22,16074.6,16485.88,15951.22,16283.88,664,33502.7
2020/7/23,16156.45,16699.51,16148.11,16688.72,890,45623.98
2020/7/24,16484.24,16518.52,15658.39,15764.01,971,49724.14
2020/7/27,15855.78,16235.5,15855.78,16125.59,658,35325.07
2020/7/28,16249.49,16370.74,15813.05,16100.72,708,38739.9
2020/7/29,16015.58,16758.29,16001.72,16751.1,793,43864.06
2020/7/30,16871.38,17300.71,16690.33,16825.17,975,52910.04
2020/7/31,16775.06,17091.4,16578.83,17059.75,879,48923.34
2020/8/3,17199.42,17467.77,16927.39,17446.2,990,56615.87
2020/8/4,17398.35,17931.17,17251.96,17366.93,1185,64699.47
2020/8/5,17156.22,17661.71,16976.54,17606.91,913,50854.46
2020/8/6,17658.94,17835.26,16951.74,17107.6,1004,61719.11
2020/8/7,17188.37,17331.24,16518.68,16877.23,964,56801.85
2020/8/10,16790.92,16945.77,16314.44,16772.62,819,45817.36
2020/8/11,16765.41,17068.82,16584.79,16616.4,721,39479.12
2020/8/12,16630.33,16682.13,15797.65,16084.2,777,44658.75
2020/8/13,16177.39,16196.4,15715.39,15766.2,593,35902.06
2020/8/14,15741.1,15976.89,15522.17,15901.31,528,30586.95
2020/8/17,15976.53,16147.06,15783.08,16129.98,629,33753.16
2020/8/18,16147.35,16484.05,16147.35,16354.08,558,32791.87
2020/8/19,16347.63,16347.63,15817.51,15820.44,642,34896.39
2020/8/20,15715.16,15901.15,15559.15,15695.34,512,25791.67
2020/8/21,15856.22,15989.37,15712.57,15832.61,526,25777.07
2020/8/24,15932.93,15937.15,15481.27,15878.33,578,28731.82
2020/8/25,15919.34,16106.28,15893.15,15947.52,464,23399.12
2020/8/26,15973.83,16361.96,15950.59,16009.09,601,32338
2020/8/27,16016.59,16130.42,15835.39,16130.13,498,25404.28
2020/8/28,16131.02,16673.41,16077.62,16638.84,682,37786.2
2020/8/31,16697.03,16709.03,16464.37,16489,617,34590.7
2020/9/1,16429.8,16584.03,16326.27,16429.74,517,27906.97
2020/9/2,16472.01,16529.83,16274.29,16512.26,472,26596.57
2020/9/3,16506.59,16852.15,16316.41,16420.72,584,33430.35
2020/9/4,16083.7,16215.87,15914,16159.05,495,29744.73
2020/9/7,16105.12,16189.67,15612.78,15616.45,528,29641.9
2020/9/8,15671.61,15796.87,15530.1,15690.75,361,20855.69
2020/9/9,15421.19,15421.19,14820.65,14946.83,542,28931.96
2020/9/10,15162.25,15305.34,14984.05,15010.77,393,22881.07
2020/9/11,14955.39,15290.17,14955.39,15279.36,407,20509.29
2020/9/14,15417.5,15457.67,14975.76,15072.89,463,28227.55
2020/9/15,15081.4,15257.45,14849.77,15250.4,407,24024.12
2020/9/16,15260.36,15343.97,14887.24,14971.03,380,23231.44
2020/9/17,14895.4,14926.11,14529.26,14654.09,407,22633.38
2020/9/18,14662.44,14880.85,14528.46,14879.99,378,21350.36
2020/9/21,14896.84,14986.57,14740.01,14787.81,329,17817.9
2020/9/22,14717.31,15022.6,14716.02,14783.48,415,22152.94
2020/9/23,14818.85,15341.77,14707.39,15226.84,568,33697.96
2020/9/24,15093.88,15128.14,14921.19,14977.92,450,25228.02
2020/9/25,15017.75,15259.21,14931.49,15016.69,398,22968.58
2020/9/28,15082.92,15133.17,14790.25,14828.58,349,19352.83
2020/9/29,14887.9,15089.64,14703.9,15007.59,341,19449.72
2020/9/30,15107.09,15328.94,15020.86,15115.01,347,20284.14
2020/10/9,15391.69,15642.91,15313.6,15586.58,460,26773.89
2020/10/12,15697.88,16108.53,15684.33,16104.64,535,31981.96
2020/10/13,16078.88,16309.36,15992.54,16232.76,478,30238.08
2020/10/14,16211.89,16336.08,16110.54,16134.52,514,30312.65
2020/10/15,16133.04,16143.42,15956.26,16044.46,467,23304.92
2020/10/16,16057.89,16191.2,15856.38,16086.83,441,23700.82
2020/10/19,16169.21,16179.64,15651.83,15689.86,509,25699.34
2020/10/20,15666.95,15838.82,15529.99,15825.72,352,18809.27
2020/10/21,15887.68,16056.6,15769.78,15814.89,418,23820.96
2020/10/22,15748.36,15748.36,15397.48,15557.6,399,21886.07
2020/10/23,15586.1,15664.06,14921.78,15027.77,441,27084.17
2020/10/26,14876.56,15192.65,14723.11,15132.48,321,19014.7
2020/10/27,15164.24,15588.04,15097.92,15550.73,367,22290.94
2020/10/28,15580.03,15784.79,15444.19,15725.83,395,20981.41
2020/10/29,15579.18,16097.4,15563.25,16002.69,570,28657.99
2020/10/30,16058.59,16086.53,15651.05,15729.56,486,25976.1
2020/11/2,15707.53,15766.53,15425.56,15565.47,532,26077.67
2020/11/3,15609.76,15754.75,15456.65,15720.84,447,21078.13
2020/11/4,15728.41,15847.76,15657.17,15816.69,633,25122.93
2020/11/5,15916.2,15987.36,15660.27,15827.96,644,27775.58
2020/11/6,15842.77,15843.99,15201.72,15388.15,798,34128.82
2020/11/9,15441.81,15764.45,15366.46,15690.35,688,30216.26
2020/11/10,15873.11,15987.29,15479.38,15532.01,699,34244.06
2020/11/11,15452.48,15452.48,15086.94,15150.82,670,34506.76
2020/11/12,15227.81,15480.81,15205.86,15329.51,528,26092.14
2020/11/13,15261.84,15263.8,15133.31,15214.44,452,22395.94
2020/11/16,15318.44,15367.56,15181.45,15367.56,507,23129.37
2020/11/19,14717.23,14850.1,14611.55,14814.93,357,18720.73
2020/11/20,14844.54,14971.33,14844.54,14867.56,343,16647.83
2020/11/23,14923.8,14928.12,14722.2,14853.35,478,22736.37
2020/11/24,14828.46,14828.46,14630.62,14730.28,397,17405.12
2020/11/25,14714.81,14716.69,14411.98,14411.98,466,21338.45
2020/11/26,14432.86,14543.04,14269.44,14345.22,359,15813.62
2020/11/27,14364.76,14487.52,14218.78,14465.12,292,14651.18
2020/11/30,14483.05,14657.62,14324.41,14519.28,492,24161.47
2020/12/1,14565.45,15005.64,14565.45,14979.07,506,26838.48
2020/12/2,14999.95,15036.55,14808.47,14916.08,396,18467.89
2020/12/3,14940.58,15423.04,14919.97,15318.35,580,30581.14
2020/12/4,15283.35,15542.33,15217.91,15520.93,425,23937.7
2020/12/7,15321.9,15409.16,15185.73,15264.58,649,30459.99
2020/12/8,15323.09,15357.83,15206.16,15238.43,439,20417.58
2020/12/9,15280.37,15359.93,15059.01,15067.26,504,24695.27
2020/12/10,14984.27,15231.65,14930.87,15197.78,449,23131.67
2020/12/11,15258.42,15317.55,15006.99,15144.4,704,31258.52
2020/12/14,15149.51,15351.26,15045.12,15340.63,453,26189.04
2020/12/15,15317.32,15823.33,15288.28,15731.93,515,33935.07
2020/12/16,15771.73,15931.52,15636.39,15864.34,481,28626.44
2020/12/17,16160.04,16521.37,16160.04,16383.62,598,44727.92
2020/12/18,16392.45,16552.18,16230.13,16391.03,481,32109.38
2020/12/21,16396.26,16625.82,16269.64,16584.06,505,31629.27
2020/12/22,16592.22,16854.16,16468.06,16486.42,602,37003.17
2020/12/23,16534.47,16563.63,16245.47,16448.95,517,30721.03
2020/12/24,16484.15,16723.49,16454.09,16545.2,464,26415.26
2020/12/25,16513.78,16983.86,16506.19,16959.64,393,26558.8
2020/12/28,17050.68,17050.68,16682.34,16710.97,488,30306.02
2020/12/29,16717.75,16780.04,16356.72,16497.88,404,25465.04
2020/12/30,16502.24,16836.96,16500.83,16797.62,386,25959.56
2020/12/31,16818.97,17032.87,16655.65,16952.09,522,34740.44
2021/1/4,16886.18,17122.63,16812.11,16964.72,702,49160.68
2021/1/5,16914.35,17350.97,16896.13,17341.89,767,50032.06
2021/1/6,17473.35,17663.38,17331.29,17658.33,681,47723.45
2021/1/7,17715.02,17893.24,17498.19,17892.25,649,42698.71
2021/1/8,17942.73,18167.95,17667.35,17863.16,621,41286.68
2021/1/11,17772.17,17924.57,17402.99,17513.45,622,42324.93
2021/1/12,17466.24,17865.01,17356.77,17851.8,507,34472.23
2021/1/13,17895.24,17907.7,17402.45,17547.99,522,36044.34
2021/1/14,17496.1,17546.89,17205.98,17232.39,535,34207.73
2021/1/15,17232.37,17252.61,16882.36,17189.84,490,30371.43
2021/1/18,17131.98,17346.15,16894.93,17218.47,441,26760.71
2021/1/19,17251.02,17283.79,16845.73,16889.33,492,30874.4
2021/1/20,16955.92,17518.3,16940.67,17492.76,506,34589.07
2021/1/21,17588.74,17921.57,17585.61,17858.8,580,38598.15
2021/1/22,17904.05,18677.09,17888.4,18664.54,804,49579.61
2021/1/25,18751.49,18883.8,18546.21,18750.43,693,46195.74
2021/1/26,18628.69,18628.69,18152.48,18180.68,583,39474.99
2021/1/27,18179.37,18269.09,17748.51,18081.56,506,33086.56
2021/1/28,17867.97,18050.97,17528.88,17555.57,558,34738.91
2021/1/29,17676.01,17827.25,17240.63,17463.42,486,31656.55
2021/2/1,17482.82,17885.26,17446.69,17854.11,566,33175.28
2021/2/2,17942.17,18263.2,17670.53,18227.71,515,34136.02
2021/2/3,18199,18682.58,18173.36,18389.84,515,36764.7
2021/2/4,18217.05,18491.24,17943.14,18167.59,496,33991.82
2021/2/5,18286.92,18976.91,18197.41,18699.13,562,43672.23
2021/2/8,18747.38,19138.95,18689.31,19138.34,595,42592.36
2021/2/9,19231.7,19605.67,19135.13,19541.57,628,42913.36
2021/2/10,19554,20169.47,19367.43,20071.96,727,50251.13
2021/2/18,20341.21,20349.84,19171.56,19214.08,827,59375.98
2021/2/19,19099.44,19293.48,18639.74,19192.23,686,44636.8
2021/2/22,19184.2,19184.2,18203.7,18203.7,754,49801.09
2021/2/23,17961.19,18441.33,17935.9,18123.29,634,38580.81
2021/2/24,18137.65,18152.77,17171.58,17323.97,737,47097.1
2021/2/25,17456.39,17625.63,17265.54,17343.72,614,37821.4
2021/2/26,16963.05,17408.81,16749.64,17074.78,611,39101.57
2021/3/1,17300.09,17323.8,16916.91,17300.13,584,37692.73
2021/3/2,17402.24,17433.62,16737.85,16905.93,564,37616.66
2021/3/3,16848.31,17255.93,16702.08,17255.93,453,28691.18
2021/3/4,17013.69,17027.9,16467.42,16558.39,581,37781.59
2021/3/5,16238.42,16703.39,16157.09,16570.74,479,30877.06
2021/3/8,16692.36,16766.41,15514.79,15517.88,628,40853.18
2021/3/9,15517.44,15635.12,14852.3,15057.25,699,41924.08
2021/3/10,15438.49,15651.03,15313.13,15453.37,518,32905.26
2021/3/11,15518.59,16108.27,15476.39,15873.81,531,34186.02
2021/3/12,15976.95,15992.7,15622.73,15912.61,444,28698.86
2021/3/15,15766.6,15816.36,15039.33,15244.96,460,31705.87
2021/3/16,15401.04,15493.86,15100.54,15391.3,384,24683.96
2021/3/17,15335.4,15572.09,15096.18,15466.41,387,24035.02
2021/3/18,15562.06,15844.81,15517.18,15816.11,497,29498
2021/3/19,15489.65,15709.72,15306.45,15410.25,434,26473.47
2021/3/22,15417.6,15760.86,15300.79,15514.5,411,25273.96
2021/3/23,15507.44,15705.33,15312.37,15495.48,396,23423.54
2021/3/24,15396.9,15669.93,15316.48,15424.9,460,26988.58
2021/3/25,15298.19,15649.66,15172.77,15586.15,388,25537.72
2021/3/26,15679.55,16248.47,15679.55,16190.2,483,33017.09
2021/3/29,16169.87,16318.59,15972.58,16134.17,462,29057.68
2021/3/30,16094.9,16554.15,16073.84,16410.39,512,31639.47
2021/3/31,16368.54,16368.54,16070.73,16236.55,399,23962.68
2021/4/1,16254.58,16640.83,16253.55,16618.09,397,23397.48
2021/4/2,16647.89,16869.9,16575.9,16720.18,389,25580.6
2021/4/6,16713.3,16746.72,16390.85,16432.12,432,23605.88
2021/4/7,16436.75,16451.67,16127.81,16383.95,428,25126.3
2021/4/8,16303.83,16691.32,16183.17,16668.43,548,27477.18
2021/4/9,16621.26,16678.43,16289.44,16358.8,435,23786.12
2021/4/12,16269.21,16436.8,15830.19,15872.35,517,30627.59
2021/4/13,15859.62,16247.87,15859.39,16066.9,448,26232.18
2021/4/14,16103.94,16227.2,15763.2,16033.56,450,28825.43
2021/4/15,15965.36,16087.31,15747.66,15922.7,508,26770.69
2021/4/16,15988.08,15993.31,15648.88,15806.84,531,29882.68
2021/4/19,15798.32,16320.38,15682.09,16314.11,605,36090.29
2021/4/20,16298.41,16483.62,16091.31,16357.18,632,35131.9
2021/4/21,16277.3,16719.66,16264.21,16714.84,658,37392.84
2021/4/22,16744.8,16784.4,16556.62,16701.26,610,33383.47
2021/4/23,16760.67,17205.51,16760.67,17092.61,632,40021.91
2021/4/26,17232.34,17563.69,16994.92,17000.95,779,50346.44
2021/4/27,17005.88,17431.4,16888.08,17422.83,619,36926.77
2021/4/28,17435.99,17797.26,17353.78,17789.84,756,46450.11
2021/4/29,17787.96,17872.73,17478.67,17758.93,768,44808.03
2021/4/30,17748.7,18215.37,17742.54,18010.14,841,51960.48
